Fuente de Financiación,Situacion de Fondos,Recurso Presupuestal,Codigo del Sector,Nombre del Sector,Codigo Entidad,Nombre Entidad,Apropiación Vigente,Compromisos,Obligaciones,Pagos
Nación,CSF,DONACIONES,29,TRABAJO,36-01-01,MINISTERIO DEL TRABAJO - GESTION GENERAL,6916157754,4083154062,1187892413,1187892413
Nación,CSF,DONACIONES,3,AMBIENTE Y DESARROLLO SOSTENIBLE,32-01-01,MINISTERIO DE AMBIENTE Y DESARROLLO SOSTENIBLE - GESTION GENERAL,4300000000,4300000000,4093660000,4093660000
Nación,CSF,DONACIONES,33,"VIVIENDA, CIUDAD Y TERRITORIO",40-01-01,"MINISTERIO DE VIVIENDA, CIUDAD Y TERRITORIO - GESTION GENERAL",13963000000,0,0,0
Nación,CSF,DONACIONES,33,"VIVIENDA, CIUDAD Y TERRITORIO",40-02-00,FONDO NACIONAL DE VIVIENDA - FONVIVIENDA,10982036382,0,0,0
Nación,CSF,DONACIONES,4,CULTURA,33-01-01,"MINISTERIO DE LAS CULTURAS, LAS ARTES Y LOS SABERES - GESTION GENERAL",1456610353,159185775,0,0
Nación,CSF,FONDO ESPECIAL FAZNI,7,MINAS Y ENERGIA,21-01-01,MINISTERIO DE MINAS Y ENERGIA - GESTION GENERAL,1.4457E+11,4905454666,3384281051,3364981051
Nación,CSF,FONDOS ESPECIALES,15,INTERIOR,37-01-01,MINISTERIO DEL INTERIOR - GESTION GENERAL,5.44959E+11,3.35338E+11,68852104806,68671786205
Nación,CSF,FONDOS ESPECIALES,15,INTERIOR,37-09-00,DIRECCION NACIONAL DE BOMBEROS,62050000000,43830543314,36182504530,36182504530
Nación,CSF,FONDOS ESPECIALES,17,ORGANISMOS DE CONTROL,26-01-01,CONTRALORIA GENERAL DE LA REPUBLICA - GESTION GENERAL,1.22469E+12,8.01191E+11,7.73623E+11,7.73359E+11
Nación,CSF,FONDOS ESPECIALES,17,ORGANISMOS DE CONTROL,26-02-00,FONDO DE BIENESTAR SOCIAL DE LA CONTRALORÍA GENERAL DE LA REPÚBLICA,29434000000,20879205035,16844893529,16818401385
Nación,CSF,FONDOS ESPECIALES,2,EDUCACION,22-01-01,MINISTERIO EDUCACION NACIONAL - GESTION GENERAL,1.1E+11,1.1E+11,1.1E+11,1.1E+11
Nación,CSF,FONDOS ESPECIALES,25,RAMA JUDICIAL,27-01-02,RAMA JUDICIAL - CONSEJO SUPERIOR DE LA JUDICATURA,6.70405E+11,3.90666E+11,1.67124E+11,1.6278E+11
Nación,CSF,FONDOS ESPECIALES,26,FISCALIA,29-01-01,FISCALIA GENERAL DE LA NACION - GESTION GENERAL,1.51786E+11,1.48271E+11,1.00595E+11,98661161706
Nación,CSF,FONDOS ESPECIALES,27,JUSTICIA Y DEL DERECHO,12/1/2001,MINISTERIO DE JUSTICIA Y DEL DERECHO - GESTION GENERAL,44445200000,42374168521,17839314485,17839314485
Nación,CSF,FONDOS ESPECIALES,27,JUSTICIA Y DEL DERECHO,12/11/2000,UNIDAD DE SERVICIOS PENITENCIARIOS Y CARCELARIOS - USPEC,4.98886E+11,2.76518E+11,73813805369,73813805369
Nación,CSF,FONDOS ESPECIALES,29,TRABAJO,36-01-01,MINISTERIO DEL TRABAJO - GESTION GENERAL,1.15549E+12,6.24915E+11,6.24087E+11,6.24087E+11
Nación,CSF,FONDOS ESPECIALES,29,TRABAJO,36-01-07,MINISTERIO DEL TRABAJO - SUPERINTENDENCIA DE SUBSIDIO FAMILIAR,69125142000,45737281717,33405341738,33400468131
Nación,CSF,FONDOS ESPECIALES,36,IGUALDAD Y EQUIDAD,46-02-00,INSTITUTO COLOMBIANO DE BIENESTAR FAMILIAR (ICBF),1.75657E+11,1.43508E+11,93928478650,93928478650
Nación,CSF,FONDOS ESPECIALES,4,CULTURA,33-01-01,"MINISTERIO DE LAS CULTURAS, LAS ARTES Y LOS SABERES - GESTION GENERAL",6027062226,396228778,395695428,395695428
Nación,CSF,FONDOS ESPECIALES,5,SALUD Y PROTECCION SOCIAL,19-01-06,MINISTERIO  DE SALUD Y PROTECCIÓN SOCIAL - UNIDAD ADMINISTRATIVA ESPECIAL FONDO NACIONAL DE ESTUPEFACIENTES,33195792000,29675504739,8551336732,8402654577
Nación,CSF,FONDOS ESPECIALES,7,MINAS Y ENERGIA,21-01-01,MINISTERIO DE MINAS Y ENERGIA - GESTION GENERAL,5.68173E+11,2.6718E+11,1.47945E+11,1.47941E+11
Nación,CSF,FONDOS ESPECIALES,9,TRANSPORTE,24-02-00,INSTITUTO NACIONAL DE VIAS,3.52808E+11,3.15924E+11,1.19677E+11,1.1965E+11
Nación,CSF,OTROS RECURSOS DEL TESORO,10,PLANEACION,3/1/2001,DEPARTAMENTO NACIONAL DE PLANEACION - GESTION GENERAL,2.29565E+11,1.19011E+11,60990483343,58687526881
Nación,CSF,OTROS RECURSOS DEL TESORO,10,PLANEACION,3/3/2000,UNIDAD ADMINISTRATIVA ESPECIAL - AGENCIA NACIONAL DE CONTRATACION PUBLICA - COLOMBIA COMPRA EFICIENTE,67545904374,49374608565,32537367864,32537367864
Nación,CSF,OTROS RECURSOS DEL TESORO,11,INFORMACION ESTADISTICA,4/3/2000,INSTITUTO GEOGRÁFICO AGUSTÍN CODAZZI - IGAC,7.61431E+11,3.90641E+11,1.29048E+11,1.2822E+11
Nación,CSF,OTROS RECURSOS DEL TESORO,13,HACIENDA,13-01-01,MINISTERIO DE HACIENDA Y CRÉDITO PÚBLICO - GESTIÓN GENERAL,1.85451E+13,8.95594E+12,8.09469E+12,8.09469E+12
Nación,CSF,OTROS RECURSOS DEL TESORO,13,HACIENDA,13-15-00,FONDO ADAPTACIÓN,6348000000,2471231182,56256826,56256826
Nación,CSF,OTROS RECURSOS DEL TESORO,14,DEFENSA Y POLICIA,15-01-01,MINISTERIO DE DEFENSA NACIONAL - GESTIÓN GENERAL,46571554209,22285771378,15202011612,15202011612
Nación,CSF,OTROS RECURSOS DEL TESORO,14,DEFENSA Y POLICIA,15-01-02,MINISTERIO DE DEFENSA NACIONAL - COMANDO GENERAL,46362772541,37463363941,4321810753,4321810753
Nación,CSF,OTROS RECURSOS DEL TESORO,14,DEFENSA Y POLICIA,15-01-03,MINISTERIO DE DEFENSA NACIONAL - EJÉRCITO,3.94749E+11,1.79411E+11,30389052692,30350252692
Nación,CSF,OTROS RECURSOS DEL TESORO,14,DEFENSA Y POLICIA,15-01-04,MINISTERIO DE DEFENSA NACIONAL - ARMADA,2.99352E+11,2.46038E+11,1.01309E+11,1.01309E+11
Nación,CSF,OTROS RECURSOS DEL TESORO,14,DEFENSA Y POLICIA,15-01-05,MINISTERIO DE DEFENSA NACIONAL - FUERZA AÉREA,7.97502E+11,6.1239E+11,4.06669E+11,4.06669E+11
Nación,CSF,OTROS RECURSOS DEL TESORO,14,DEFENSA Y POLICIA,15-01-11,MINISTERIO DE DEFENSA NACIONAL - SALUD,56982199798,33570999780,5523785898,5277193477
Nación,CSF,OTROS RECURSOS DEL TESORO,14,DEFENSA Y POLICIA,15-07-00,INSTITUTO CASAS FISCALES DEL EJÉRCITO,12160000000,11511396162,4145701145,4145701145
Nación,CSF,OTROS RECURSOS DEL TESORO,14,DEFENSA Y POLICIA,15-10-00,CLUB MILITAR DE OFICIALES,5000000000,3080403870,0,0
Nación,CSF,OTROS RECURSOS DEL TESORO,14,DEFENSA Y POLICIA,15-19-00,HOSPITAL MILITAR,5000000000,4563464753,1228800000,1030000000
Nación,CSF,OTROS RECURSOS DEL TESORO,14,DEFENSA Y POLICIA,15-21-00,UNIDAD ADMINISTRATIVA ESPECIAL DE LA JUSTICIA PENAL MILITAR Y POLICIAL,15000000000,4347289584,519624554,519624554
Nación,CSF,OTROS RECURSOS DEL TESORO,14,DEFENSA Y POLICIA,16-01-01,POLICÍA NACIONAL - GESTIÓN GENERAL,3.88556E+11,1.6502E+11,21028256993,19169217675
Nación,CSF,OTROS RECURSOS DEL TESORO,14,DEFENSA Y POLICIA,16-01-02,POLICÍA NACIONAL - SALUD,41901434651,17166418941,2750547637,2750547637
Nación,CSF,OTROS RECURSOS DEL TESORO,14,DEFENSA Y POLICIA,16-01-03,POLICIA NACIONAL - EDUCACION,25642716254,3500000000,657428226,657428226
Nación,CSF,OTROS RECURSOS DEL TESORO,15,INTERIOR,37-01-01,MINISTERIO DEL INTERIOR - GESTION GENERAL,20000000000,0,0,0
Nación,CSF,OTROS RECURSOS DEL TESORO,15,INTERIOR,37-01-02,DIRECCIÓN DE LA AUTORIDAD NACIONAL DE CONSULTA PREVIA,17094000000,4316539345,1078390903,1077150903
Nación,CSF,OTROS RECURSOS DEL TESORO,15,INTERIOR,37-04-00,CORPORACION NACIONAL PARA LA RECONSTRUCCION DE LA CUENCA DEL RIO PAEZ Y ZONAS ALEDAÑAS NASA KI WE,10754247508,8897743880,6223820322,6223820322
Nación,CSF,OTROS RECURSOS DEL TESORO,15,INTERIOR,37-08-00,UNIDAD NACIONAL DE PROTECCIÓN - UNP,4403313940,0,0,0
Nación,CSF,OTROS RECURSOS DEL TESORO,16,"COMERCIO, INDUSTRIA Y TURISMO",35-05-00,INSTITUTO NACIONAL DE METROLOGIA - INM,16560080048,12693579739,6299768996,6299584453
Nación,CSF,OTROS RECURSOS DEL TESORO,17,ORGANISMOS DE CONTROL,25-01-01,PROCURADURIA GENERAL DE LA NACION - GESTION GENERAL,1.36813E+11,59953025373,11419134933,10379177972
Nación,CSF,OTROS RECURSOS DEL TESORO,17,ORGANISMOS DE CONTROL,25-02-00,DEFENSORIA DEL PUEBLO,4501000000,0,0,0
Nación,CSF,OTROS RECURSOS DEL TESORO,17,ORGANISMOS DE CONTROL,26-01-01,CONTRALORIA GENERAL DE LA REPUBLICA - GESTION GENERAL,86510552282,61659120517,44560719687,44560719687
Nación,CSF,OTROS RECURSOS DEL TESORO,18,EMPLEO PUBLICO,5/1/2001,DEPARTAMENTO DE LA FUNCIÓN PÚBLICA - GESTIÓN GENERAL,2000000000,1505990433,447508327,447508327
Nación,CSF,OTROS RECURSOS DEL TESORO,19,CONGRESO DE LA REPUBLICA,1/1/2001,SENADO DE LA REPUBLICA,65000000000,30072500821,14603344217,14603344217
Nación,CSF,OTROS RECURSOS DEL TESORO,19,CONGRESO DE LA REPUBLICA,1/1/2002,CAMARA DE REPRESENTANTES,1.63E+11,1.51313E+11,98331090183,94578064508
Nación,CSF,OTROS RECURSOS DEL TESORO,20,PRESIDENCIA DE LA REPUBLICA,2/1/2001,PRESIDENCIA DE LA REPUBLICA - GESTION GENERAL,73464039869,35586650952,11798495756,11756841163
Nación,CSF,OTROS RECURSOS DEL TESORO,20,PRESIDENCIA DE LA REPUBLICA,2/12/2000,AGENCIA PARA LA REINCORPORACION Y LA NORMALIZACION - ARN,2116977856,2116977856,1270186713,1270186713
Nación,CSF,OTROS RECURSOS DEL TESORO,20,PRESIDENCIA DE LA REPUBLICA,2/14/2001,AGENCIA DE RENOVACION DEL TERRITORIO ART - GESTION GENERAL,74472264014,51322193592,15589879283,15589879283
Nación,CSF,OTROS RECURSOS DEL TESORO,21,SERVICIO DE LA DEUDA PUBLICA NACIONAL,14-01-00,SERVICIO DE LA DEUDA PÚBLICA NACIONAL,6.12581E+13,3.94171E+13,3.94026E+13,3.89317E+13
Nación,CSF,OTROS RECURSOS DEL TESORO,22,REGISTRADURIA,28-01-01,REGISTRADURIA NACIONAL DEL ESTADO CIVIL - GESTION GENERAL,1.742E+11,1.44623E+11,76960889677,76960889677
Nación,CSF,OTROS RECURSOS DEL TESORO,22,REGISTRADURIA,28-02-00,FONDO ROTATORIO DE LA REGISTRADURIA,12011510572,5958506412,0,0
Nación,CSF,OTROS RECURSOS DEL TESORO,24,"CIENCIA, TECNOLOGÍA E INNOVACIÓN",39-01-01,"MINISTERIO DE CIENCIA, TECNOLOGIA E INNOVACION - GESTION GENERAL",2.99724E+11,2.61947E+11,1.93295E+11,1.93295E+11
Nación,CSF,OTROS RECURSOS DEL TESORO,25,RAMA JUDICIAL,27-01-02,RAMA JUDICIAL - CONSEJO SUPERIOR DE LA JUDICATURA,20607048670,20607048670,0,0
Nación,CSF,OTROS RECURSOS DEL TESORO,26,FISCALIA,29-01-01,FISCALIA GENERAL DE LA NACION - GESTION GENERAL,1026064151,1003316082,629605115,628539308
Nación,CSF,OTROS RECURSOS DEL TESORO,26,FISCALIA,29-02-00,INSTITUTO NACIONAL DE MEDICINA LEGAL Y CIENCIAS FORENSES,10030700000,8090730266,333972700,327012700
Nación,CSF,OTROS RECURSOS DEL TESORO,27,JUSTICIA Y DEL DERECHO,12/1/2001,MINISTERIO DE JUSTICIA Y DEL DERECHO - GESTION GENERAL,51826129935,34332091167,18684346071,18684346071
Nación,CSF,OTROS RECURSOS DEL TESORO,27,JUSTICIA Y DEL DERECHO,12/8/2000,INSTITUTO NACIONAL PENITENCIARIO Y CARCELARIO - INPEC,4000000000,3753612348,1168817719,1168817719
Nación,CSF,OTROS RECURSOS DEL TESORO,27,JUSTICIA Y DEL DERECHO,12/10/2000,UNIDAD ADMINISTRATIVA ESPECIAL AGENCIA NACIONAL DE DEFENSA JURÍDICA DEL ESTADO,2176706795,1449729204,18998271,18998271
Nación,CSF,OTROS RECURSOS DEL TESORO,29,TRABAJO,36-13-00,UNIDAD ADMINISTRATIVA ESPECIAL DEL SERVICIO PÚBLICO DE EMPLEO,17000000000,16463186502,8552291239,8552291239
Nación,CSF,OTROS RECURSOS DEL TESORO,3,AMBIENTE Y DESARROLLO SOSTENIBLE,32-01-01,MINISTERIO DE AMBIENTE Y DESARROLLO SOSTENIBLE - GESTION GENERAL,6.11628E+11,4.64184E+11,1.43963E+11,1.4324E+11
Nación,CSF,OTROS RECURSOS DEL TESORO,3,AMBIENTE Y DESARROLLO SOSTENIBLE,32-01-02,PARQUES NACIONALES NATURALES DE COLOMBIA,90010744264,66906474100,40882342375,40752707062
Nación,CSF,OTROS RECURSOS DEL TESORO,3,AMBIENTE Y DESARROLLO SOSTENIBLE,32-01-04,AUTORIDAD NACIONAL DE LICENCIAS AMBIENTALES ANLA,33653134329,33037278062,21677298931,21677298931
Nación,CSF,OTROS RECURSOS DEL TESORO,3,AMBIENTE Y DESARROLLO SOSTENIBLE,32-02-00,"INSTITUTO DE HIDROLOGIA, METEOROLOGIA Y ESTUDIOS AMBIENTALES - IDEAM",29225074635,23383412236,13612425696,13612425696
Nación,CSF,OTROS RECURSOS DEL TESORO,30,INCLUSION SOCIAL Y RECONCILIACION,41-01-01,DEPARTAMENTO ADMINISTRATIVO PARA LA PROSPERIDAD SOCIAL - GESTION GENERAL,1.46553E+12,5.30666E+11,67961052624,66903864105
Nación,CSF,OTROS RECURSOS DEL TESORO,30,INCLUSION SOCIAL Y RECONCILIACION,41-04-00,UNIDAD DE ATENCION Y REPARACION INTEGRAL A LAS VICTIMAS,16030243778,0,0,0
Nación,CSF,OTROS RECURSOS DEL TESORO,30,INCLUSION SOCIAL Y RECONCILIACION,41-05-00,CENTRO DE MEMORIA HISTORICA,38743301150,32427325483,16706322168,16697128626
Nación,CSF,OTROS RECURSOS DEL TESORO,32,DEPORTE Y RECREACION,43-01-01,MINISTERIO DEL DEPORTE - GESTION GENERAL,1.24211E+12,4.86711E+11,2.00254E+11,2.00254E+11
Nación,CSF,OTROS RECURSOS DEL TESORO,33,"VIVIENDA, CIUDAD Y TERRITORIO",40-01-01,"MINISTERIO DE VIVIENDA, CIUDAD Y TERRITORIO - GESTION GENERAL",1.12548E+12,5.57339E+11,14592132533,14592132533
Nación,CSF,OTROS RECURSOS DEL TESORO,33,"VIVIENDA, CIUDAD Y TERRITORIO",40-02-00,FONDO NACIONAL DE VIVIENDA - FONVIVIENDA,4.31386E+12,4.06281E+12,1.03549E+12,9.25077E+11
Nación,CSF,OTROS RECURSOS DEL TESORO,35,"SISTEMA INTEGRAL DE VERDAD, JUSTICIA, REPARACIÓN Y NO REPETICIÓN",44-01-01,JURISDICCION ESPECIAL PARA LA PAZ - GESTION GENERAL,1.89518E+11,1.43702E+11,84981402378,84626841256
Nación,CSF,OTROS RECURSOS DEL TESORO,35,"SISTEMA INTEGRAL DE VERDAD, JUSTICIA, REPARACIÓN Y NO REPETICIÓN",44-03-00,UNIDAD DE BUSQUEDA DE PERSONAS DADAS POR DESAPARECIDAS EN EL CONTEXTO Y EN RAZON DEL CONFLICTO ARMADO (UBPD),36984617615,33039958250,19644976782,19634080315
Nación,CSF,OTROS RECURSOS DEL TESORO,36,IGUALDAD Y EQUIDAD,46-01-01,MINISTERIO DE IGUALDAD Y EQUIDAD - GESTIÓN GENERAL,4E+11,1.46736E+11,0,0
Nación,CSF,OTROS RECURSOS DEL TESORO,4,CULTURA,33-04-00,ARCHIVO GENERAL DE LA NACION,24372283741,16773496675,5795921816,2997151813
Nación,CSF,OTROS RECURSOS DEL TESORO,5,SALUD Y PROTECCION SOCIAL,19-01-01,MINISTERIO DE SALUD Y PROTECCION SOCIAL - GESTION GENERAL,9.98784E+11,9.98784E+11,9.98784E+11,9.98784E+11
Nación,CSF,OTROS RECURSOS DEL TESORO,6,AGRICULTURA Y DESARROLLO RURAL,17-01-01,MINAGRICULTURA - GESTIÓN GENERAL,36900600000,16900600000,0,0
Nación,CSF,OTROS RECURSOS DEL TESORO,7,MINAS Y ENERGIA,21-01-01,MINISTERIO DE MINAS Y ENERGIA - GESTION GENERAL,2.17707E+11,1.26669E+11,57261504143,57175124143
Nación,CSF,OTROS RECURSOS DEL TESORO,7,MINAS Y ENERGIA,21-03-00,SERVICIO GEOLOGICO COLOMBIANO,50239000000,27187749998,12396866217,12194147191
Nación,CSF,OTROS RECURSOS DEL TESORO,9,TRANSPORTE,24-01-01,MINISTERIO DE TRANSPORTE - GESTION GENERAL,1.27454E+11,86826268928,39882989533,39655536084
Nación,CSF,OTROS RECURSOS DEL TESORO,9,TRANSPORTE,24-02-00,INSTITUTO NACIONAL DE VIAS,1.4846E+12,1.26894E+12,6.07896E+11,6.07104E+11
Nación,CSF,OTROS RECURSOS DEL TESORO,9,TRANSPORTE,24-13-00,AGENCIA NACIONAL DE INFRAESTRUCTURA,1.42702E+12,1.42702E+12,1.42702E+12,1.42702E+12
Nación,CSF,PRESTAMOS DESTINACIÓN ESPECIFICA,10,PLANEACION,3/1/2001,DEPARTAMENTO NACIONAL DE PLANEACION - GESTION GENERAL,57797910505,29825745335,11411440326,11018102296
Nación,CSF,PRESTAMOS DESTINACIÓN ESPECIFICA,11,INFORMACION ESTADISTICA,4/3/2000,INSTITUTO GEOGRÁFICO AGUSTÍN CODAZZI - IGAC,94615319700,20046952324,2137630808,2137630808
Nación,CSF,PRESTAMOS DESTINACIÓN ESPECIFICA,16,"COMERCIO, INDUSTRIA Y TURISMO",35-01-01,MINCOMERCIO INDUSTRIA TURISMO - GESTION GENERAL,21150651769,21150651769,0,0
Nación,CSF,PRESTAMOS DESTINACIÓN ESPECIFICA,17,ORGANISMOS DE CONTROL,25-02-00,DEFENSORIA DEL PUEBLO,34650000000,26278416313,25066520893,25027920893
Nación,CSF,PRESTAMOS DESTINACIÓN ESPECIFICA,17,ORGANISMOS DE CONTROL,26-01-01,CONTRALORIA GENERAL DE LA REPUBLICA - GESTION GENERAL,43690583700,30442773626,7846704254,7846704254
Nación,CSF,PRESTAMOS DESTINACIÓN ESPECIFICA,2,EDUCACION,22-01-01,MINISTERIO EDUCACION NACIONAL - GESTION GENERAL,1.31528E+11,56098393633,16275847623,16194027163
Nación,CSF,PRESTAMOS DESTINACIÓN ESPECIFICA,2,EDUCACION,22-46-00,UNIDAD ADMINISTRATIVA ESPECIAL DE ALIMENTACION ESCOLAR,2068323280,166504921,0,0
Nación,CSF,PRESTAMOS DESTINACIÓN ESPECIFICA,20,PRESIDENCIA DE LA REPUBLICA,2/1/2001,PRESIDENCIA DE LA REPUBLICA - GESTION GENERAL,68906448000,7570533920,3959388348,3957122938
Nación,CSF,PRESTAMOS DESTINACIÓN ESPECIFICA,25,RAMA JUDICIAL,27-01-02,RAMA JUDICIAL - CONSEJO SUPERIOR DE LA JUDICATURA,1.90973E+11,59261680182,16796886921,16752602921
Nación,CSF,PRESTAMOS DESTINACIÓN ESPECIFICA,27,JUSTICIA Y DEL DERECHO,12/1/2001,MINISTERIO DE JUSTICIA Y DEL DERECHO - GESTION GENERAL,10886133544,10876839283,2968365214,2968365214
Nación,CSF,PRESTAMOS DESTINACIÓN ESPECIFICA,27,JUSTICIA Y DEL DERECHO,12/4/2000,SUPERINTENDENCIA DE NOTARIADO Y REGISTRO,12000000000,5959182786,560320750,560320750
Nación,CSF,PRESTAMOS DESTINACIÓN ESPECIFICA,27,JUSTICIA Y DEL DERECHO,12/10/2000,UNIDAD ADMINISTRATIVA ESPECIAL AGENCIA NACIONAL DE DEFENSA JURÍDICA DEL ESTADO,13300293205,12107669138,4160757796,4160757796
Nación,CSF,PRESTAMOS DESTINACIÓN ESPECIFICA,29,TRABAJO,36-01-01,MINISTERIO DEL TRABAJO - GESTION GENERAL,27664631016,16332616248,4751569923,4733569923
Nación,CSF,PRESTAMOS DESTINACIÓN ESPECIFICA,33,"VIVIENDA, CIUDAD Y TERRITORIO",40-01-01,"MINISTERIO DE VIVIENDA, CIUDAD Y TERRITORIO - GESTION GENERAL",1.36016E+11,61675391606,3240167992,3234784854
Nación,CSF,PRESTAMOS DESTINACIÓN ESPECIFICA,33,"VIVIENDA, CIUDAD Y TERRITORIO",40-02-00,FONDO NACIONAL DE VIVIENDA - FONVIVIENDA,45013314828,40268777328,0,0
Nación,CSF,PRESTAMOS DESTINACIÓN ESPECIFICA,36,IGUALDAD Y EQUIDAD,46-02-00,INSTITUTO COLOMBIANO DE BIENESTAR FAMILIAR (ICBF),67195950673,54140836184,16256493408,16252843408
Nación,CSF,PRESTAMOS DESTINACIÓN ESPECIFICA,5,SALUD Y PROTECCION SOCIAL,19-01-01,MINISTERIO DE SALUD Y PROTECCION SOCIAL - GESTION GENERAL,37483561476,37483561476,0,0
Nación,CSF,PRESTAMOS DESTINACIÓN ESPECIFICA,6,AGRICULTURA Y DESARROLLO RURAL,17-17-00,AGENCIA NACIONAL DE TIERRAS - ANT,51589000000,1720252683,534302332,534302332
Nación,CSF,PRESTAMOS DESTINACIÓN ESPECIFICA,7,MINAS Y ENERGIA,21-01-01,MINISTERIO DE MINAS Y ENERGIA - GESTION GENERAL,38027000000,0,0,0
Nación,CSF,PRESTAMOS DESTINACIÓN ESPECIFICA,9,TRANSPORTE,24-01-01,MINISTERIO DE TRANSPORTE - GESTION GENERAL,5000000000,4287786993,2305371370,2197976379
Nación,CSF,RECURSOS DEL CREDITO EXTERNO PREVIA AUTORIZACION,10,PLANEACION,3/1/2001,DEPARTAMENTO NACIONAL DE PLANEACION - GESTION GENERAL,8000000000,0,0,0
Nación,CSF,RECURSOS DEL CREDITO EXTERNO PREVIA AUTORIZACION,2,EDUCACION,22-01-01,MINISTERIO EDUCACION NACIONAL - GESTION GENERAL,1.64722E+11,0,0,0
Nación,CSF,RECURSOS DEL CREDITO EXTERNO PREVIA AUTORIZACION,21,SERVICIO DE LA DEUDA PUBLICA NACIONAL,14-01-00,SERVICIO DE LA DEUDA PÚBLICA NACIONAL,2.6032E+13,2.12209E+13,2.11936E+13,2.11059E+13
Nación,CSF,RECURSOS DEL CREDITO EXTERNO PREVIA AUTORIZACION,33,"VIVIENDA, CIUDAD Y TERRITORIO",40-01-01,"MINISTERIO DE VIVIENDA, CIUDAD Y TERRITORIO - GESTION GENERAL",4300000000,80000000,80000000,80000000
Nación,CSF,RECURSOS DEL CREDITO EXTERNO PREVIA AUTORIZACION,5,SALUD Y PROTECCION SOCIAL,19-01-01,MINISTERIO DE SALUD Y PROTECCION SOCIAL - GESTION GENERAL,1.32083E+11,0,0,0
Nación,CSF,RECURSOS CORRIENTES,10,PLANEACION,3/1/2001,DEPARTAMENTO NACIONAL DE PLANEACION - GESTION GENERAL,8.7094E+11,6.67037E+11,2.56746E+11,2.56382E+11
Nación,CSF,RECURSOS CORRIENTES,10,PLANEACION,3/3/2000,UNIDAD ADMINISTRATIVA ESPECIAL - AGENCIA NACIONAL DE CONTRATACION PUBLICA - COLOMBIA COMPRA EFICIENTE,25631400000,19523574052,17404101272,17404101272
Nación,CSF,RECURSOS CORRIENTES,10,PLANEACION,3/24/2000,SUPERINTENDENCIA DE SERVICIOS PÚBLICOS DOMICILIARIOS,1.20903E+11,56639645910,56639645910,56639645910
Nación,CSF,RECURSOS CORRIENTES,11,INFORMACION ESTADISTICA,4/1/2001,DEPARTAMENTO ADMINISTRATIVO NACIONAL DE ESTADÍSTICA (DANE) - GESTIÓN GENERAL,6.23968E+11,4.25138E+11,2.33001E+11,2.3298E+11
Nación,CSF,RECURSOS CORRIENTES,11,INFORMACION ESTADISTICA,4/3/2000,INSTITUTO GEOGRÁFICO AGUSTÍN CODAZZI - IGAC,1.02401E+11,75243843324,69132956925,69065146715
Nación,CSF,RECURSOS CORRIENTES,12,RELACIONES EXTERIORES,11/1/2001,MINIRELACIONES EXTERIORES - GESTIÓN GENERAL,7.02102E+11,4.16256E+11,4.06366E+11,4.06191E+11
Nación,CSF,RECURSOS CORRIENTES,12,RELACIONES EXTERIORES,11/2/2000,FONDO ROTATORIO DEL MINISTERIO DE RELACIONES EXTERIORES,4.70548E+11,3.33255E+11,2.46709E+11,2.46709E+11
Nación,CSF,RECURSOS CORRIENTES,12,RELACIONES EXTERIORES,11/4/2000,UNIDAD ADMINISTRATIVA ESPECIAL MIGRACIÓN COLOMBIA,1.79128E+11,1.26726E+11,1.14693E+11,1.14565E+11
Nación,CSF,RECURSOS CORRIENTES,13,HACIENDA,13-01-01,MINISTERIO DE HACIENDA Y CRÉDITO PÚBLICO - GESTIÓN GENERAL,2.44037E+13,1.02172E+13,8.75555E+12,8.75555E+12
Nación,CSF,RECURSOS CORRIENTES,13,HACIENDA,13-01-17,"UNIDAD ADMINISTRATIVA ESPECIAL AGENCIA DEL INSPECTOR GENERAL DE TRIBUTOS, RENTAS Y CONTRIBUCIONES PARAFISCALES (ITRC)",25124868452,18286628177,16437701845,16406645765
Nación,CSF,RECURSOS CORRIENTES,13,HACIENDA,13-01-18,UNIDAD ADMINISTRATIVA ESPECIAL UNIDAD DE PROYECCIÓN NORMATIVA Y ESTUDIOS DE REGULACIÓN FINANCIERA (URF),7447000000,5822321878,5724000771,5722678260
Nación,CSF,RECURSOS CORRIENTES,13,HACIENDA,13-08-00,UNIDAD ADMINISTRATIVA ESPECIAL CONTADURÍA GENERAL DE LA NACIÓN,29356489110,20417292535,16825543562,16617479949
Nación,CSF,RECURSOS CORRIENTES,13,HACIENDA,13-10-00,UNIDAD ADMINISTRATIVA ESPECIAL DIRECCIÓN DE IMPUESTOS Y ADUANAS NACIONALES,4.1524E+12,1.78794E+12,1.63419E+12,1.62983E+12
Nación,CSF,RECURSOS CORRIENTES,13,HACIENDA,13-12-00,UNIDAD DE INFORMACIÓN Y ANÁLISIS FINANCIERO,32642313940,20833784434,19496217175,18983472144
Nación,CSF,RECURSOS CORRIENTES,13,HACIENDA,13-14-01,UNIDAD ADMINISTRATIVA ESPECIAL DE GESTIÓN  PENSIONAL Y CONTRIBUCIONES PARAFISCALES DE LA PROTECCIÓN SOCIAL (UGPPP) - GESTIÓN GENERAL,2.75479E+11,1.8883E+11,1.56684E+11,1.56533E+11
Nación,CSF,RECURSOS CORRIENTES,13,HACIENDA,13-15-00,FONDO ADAPTACIÓN,1.82342E+11,1.67319E+11,23307936226,23304316342
Nación,CSF,RECURSOS CORRIENTES,14,DEFENSA Y POLICIA,15-01-01,MINISTERIO DE DEFENSA NACIONAL - GESTIÓN GENERAL,1.41221E+12,7.90038E+11,5.09751E+11,5.0938E+11
Nación,CSF,RECURSOS CORRIENTES,14,DEFENSA Y POLICIA,15-01-02,MINISTERIO DE DEFENSA NACIONAL - COMANDO GENERAL,1.20172E+11,96022288409,69356462150,67521004050
Nación,CSF,RECURSOS CORRIENTES,14,DEFENSA Y POLICIA,15-01-03,MINISTERIO DE DEFENSA NACIONAL - EJÉRCITO,1.08775E+13,8.44117E+12,7.58038E+12,7.57829E+12
Nación,CSF,RECURSOS CORRIENTES,14,DEFENSA Y POLICIA,15-01-04,MINISTERIO DE DEFENSA NACIONAL - ARMADA,2.47784E+12,1.95306E+12,1.62678E+12,1.62455E+12
Nación,CSF,RECURSOS CORRIENTES,14,DEFENSA Y POLICIA,15-01-05,MINISTERIO DE DEFENSA NACIONAL - FUERZA AÉREA,1.8517E+12,1.36216E+12,1.00521E+12,1.00478E+12
Nación,CSF,RECURSOS CORRIENTES,14,DEFENSA Y POLICIA,15-01-11,MINISTERIO DE DEFENSA NACIONAL - SALUD,3.87048E+11,2.94544E+11,1.90893E+11,1.90893E+11
Nación,CSF,RECURSOS CORRIENTES,14,DEFENSA Y POLICIA,15-01-13,MINISTERIO DE DEFENSA NACIONAL - DIRECCIÓN DE VETERANOS Y REHABILITACIÓN INCLUSIVA,1.82766E+12,1.32603E+12,1.32269E+12,1.32254E+12
Nación,CSF,RECURSOS CORRIENTES,14,DEFENSA Y POLICIA,15-03-00,CAJA DE RETIRO DE LAS FUERZAS MILITARES,6.45844E+12,4.59605E+12,4.55849E+12,4.55849E+12
Nación,CSF,RECURSOS CORRIENTES,14,DEFENSA Y POLICIA,15-08-00,"DEFENSA CIVIL COLOMBIANA, GUILLERMO LEÓN VALENCIA",45774000000,33084569824,24631380264,24624855169
Nación,CSF,RECURSOS CORRIENTES,14,DEFENSA Y POLICIA,15-10-00,CLUB MILITAR DE OFICIALES,5000000000,3630996011,1293583872,1293583872
Nación,CSF,RECURSOS CORRIENTES,14,DEFENSA Y POLICIA,15-11-00,CAJA DE SUELDOS DE RETIRO DE LA POLICÍA NACIONAL,6.16134E+12,4.35976E+12,4.32254E+12,4.31937E+12
Nación,CSF,RECURSOS CORRIENTES,14,DEFENSA Y POLICIA,15-19-00,HOSPITAL MILITAR,33820000000,24537068287,24494998036,24494998036
Nación,CSF,RECURSOS CORRIENTES,14,DEFENSA Y POLICIA,15-21-00,UNIDAD ADMINISTRATIVA ESPECIAL DE LA JUSTICIA PENAL MILITAR Y POLICIAL,1.42292E+11,87663988792,80663759142,80663759142
Nación,CSF,RECURSOS CORRIENTES,14,DEFENSA Y POLICIA,16-01-01,POLICÍA NACIONAL - GESTIÓN GENERAL,1.2593E+13,9.65431E+12,9.23426E+12,9.22737E+12
Nación,CSF,RECURSOS CORRIENTES,14,DEFENSA Y POLICIA,16-01-02,POLICÍA NACIONAL - SALUD,5.24863E+11,4.03825E+11,2.11178E+11,2.11178E+11
Nación,CSF,RECURSOS CORRIENTES,14,DEFENSA Y POLICIA,16-01-03,POLICIA NACIONAL - EDUCACION,2.12392E+11,1.74779E+11,69931431851,65974027515
Nación,CSF,RECURSOS CORRIENTES,15,INTERIOR,37-01-01,MINISTERIO DEL INTERIOR - GESTION GENERAL,8.38735E+11,4.13972E+11,2.5071E+11,2.49055E+11
Nación,CSF,RECURSOS CORRIENTES,15,INTERIOR,37-01-02,DIRECCIÓN DE LA AUTORIDAD NACIONAL DE CONSULTA PREVIA,72266700000,44702282621,25073557467,23896468821
Nación,CSF,RECURSOS CORRIENTES,15,INTERIOR,37-03-00,DIRECCION NACIONAL DEL DERECHO DE AUTOR,6384142507,4255774649,4089749398,4084969398
Nación,CSF,RECURSOS CORRIENTES,15,INTERIOR,37-04-00,CORPORACION NACIONAL PARA LA RECONSTRUCCION DE LA CUENCA DEL RIO PAEZ Y ZONAS ALEDAÑAS NASA KI WE,4042600000,3070512773,2945817820,2945817820
Nación,CSF,RECURSOS CORRIENTES,15,INTERIOR,37-08-00,UNIDAD NACIONAL DE PROTECCIÓN - UNP,2.20311E+12,1.91246E+12,1.49549E+12,1.49335E+12
Nación,CSF,RECURSOS CORRIENTES,15,INTERIOR,37-09-00,DIRECCION NACIONAL DE BOMBEROS,7032000000,4917069253,4374611865,4372762755
Nación,CSF,RECURSOS CORRIENTES,16,"COMERCIO, INDUSTRIA Y TURISMO",35-01-01,MINCOMERCIO INDUSTRIA TURISMO - GESTION GENERAL,9.47959E+11,7.96042E+11,3.70654E+11,3.70446E+11
Nación,CSF,RECURSOS CORRIENTES,16,"COMERCIO, INDUSTRIA Y TURISMO",35-02-00,SUPERINTENDENCIA DE SOCIEDADES,1259000000,508550312,508550312,508550312
Nación,CSF,RECURSOS CORRIENTES,16,"COMERCIO, INDUSTRIA Y TURISMO",35-05-00,INSTITUTO NACIONAL DE METROLOGIA - INM,21973264000,15533442968,15002590566,15002590566
Nación,CSF,RECURSOS CORRIENTES,17,ORGANISMOS DE CONTROL,25-01-01,PROCURADURIA GENERAL DE LA NACION - GESTION GENERAL,1.23238E+12,8.02149E+11,7.80676E+11,7.76487E+11
Nación,CSF,RECURSOS CORRIENTES,17,ORGANISMOS DE CONTROL,25-02-00,DEFENSORIA DEL PUEBLO,8.29676E+11,7.0603E+11,5.37916E+11,5.36965E+11
Nación,CSF,RECURSOS CORRIENTES,17,ORGANISMOS DE CONTROL,26-01-01,CONTRALORIA GENERAL DE LA REPUBLICA - GESTION GENERAL,1.08641E+11,82401645220,55794216470,55779716470
Nación,CSF,RECURSOS CORRIENTES,17,ORGANISMOS DE CONTROL,26-02-00,FONDO DE BIENESTAR SOCIAL DE LA CONTRALORÍA GENERAL DE LA REPÚBLICA,78992000000,66898746515,66898746515,66898746515
Nación,CSF,RECURSOS CORRIENTES,17,ORGANISMOS DE CONTROL,34-01-01,AUDITORIA GENERAL DE LA REPUBLICA - GESTION GENERAL,59225000000,44961312401,39602185144,39410828934
Nación,CSF,RECURSOS CORRIENTES,18,EMPLEO PUBLICO,5/1/2001,DEPARTAMENTO DE LA FUNCIÓN PÚBLICA - GESTIÓN GENERAL,50415285633,35432047348,32182972142,32051696532
Nación,CSF,RECURSOS CORRIENTES,18,EMPLEO PUBLICO,38-01-00,COMISIÓN NACIONAL DEL SERVICIO CIVIL,5690268054,5217624260,5217624260,5217624260
Nación,CSF,RECURSOS CORRIENTES,19,CONGRESO DE LA REPUBLICA,1/1/2001,SENADO DE LA REPUBLICA,4.15279E+11,2.87144E+11,2.64645E+11,2.64328E+11
Nación,CSF,RECURSOS CORRIENTES,19,CONGRESO DE LA REPUBLICA,1/1/2002,CAMARA DE REPRESENTANTES,5.55933E+11,4.59081E+11,4.05566E+11,4.04893E+11
Nación,CSF,RECURSOS CORRIENTES,2,EDUCACION,22-01-01,MINISTERIO EDUCACION NACIONAL - GESTION GENERAL,5.79641E+13,4.23248E+13,4.09812E+13,4.08597E+13
Nación,CSF,RECURSOS CORRIENTES,2,EDUCACION,22-34-00,ESCUELA TECNOLOGICA INSTITUTO TECNICO CENTRAL,40725562476,22580423149,21358209006,21342077393
Nación,CSF,RECURSOS CORRIENTES,2,EDUCACION,22-38-00,INSTITUTO NACIONAL DE FORMACION TECNICA PROFESIONAL DE SAN ANDRES Y PROVIDENCIA,12134359439,6759556298,4742677247,4543637297
Nación,CSF,RECURSOS CORRIENTES,2,EDUCACION,22-39-00,INSTITUTO NACIONAL DE FORMACION TECNICA PROFESIONAL DE SAN JUAN DEL CESAR,14023119831,7285584599,6178138336,6113024958
Nación,CSF,RECURSOS CORRIENTES,2,EDUCACION,22-41-00,INSTITUTO TOLIMENSE DE FORMACION TECNICA PROFESIONAL,19276301175,10251229473,7687551193,7687384384
Nación,CSF,RECURSOS CORRIENTES,2,EDUCACION,22-42-00,INSTITUTO TECNICO NACIONAL DE COMERCIO SIMON RODRIGUEZ DE CALI,16703441108,12898672113,11985285972,11985285972
Nación,CSF,RECURSOS CORRIENTES,2,EDUCACION,22-46-00,UNIDAD ADMINISTRATIVA ESPECIAL DE ALIMENTACION ESCOLAR,2.01069E+12,1.98587E+12,1.65177E+12,1.65177E+12
Nación,CSF,RECURSOS CORRIENTES,2,EDUCACION,22-57-01,UNIVERSIDADES PUBLICAS - UNIVERSIDAD NACIONAL DE COLOMBIA,1.40977E+12,1.37154E+12,1.37154E+12,1.02964E+12
Nación,CSF,RECURSOS CORRIENTES,2,EDUCACION,22-57-02,UNIVERSIDADES PÚBLICAS - UNIVERSIDAD DE ANTIOQUIA,6.03922E+11,6.03922E+11,5.85347E+11,5.08082E+11
Nación,CSF,RECURSOS CORRIENTES,2,EDUCACION,22-57-03,UNIVERSIDADES PÚBLICAS - UNIVERSIDAD DEL VALLE,4.53119E+11,3.66978E+11,3.66978E+11,3.38264E+11
Nación,CSF,RECURSOS CORRIENTES,2,EDUCACION,22-57-04,UNIVERSIDADES PÚBLICAS - UNIVERSIDAD INDUSTRIAL DE SANTANDER,2.53E+11,2.53E+11,2.06101E+11,1.90468E+11
Nación,CSF,RECURSOS CORRIENTES,2,EDUCACION,22-57-05,UNIVERSIDADES PUBLICAS - UNIVERSIDAD PEDAGOGICA Y TECNOLOGICA DE COLOMBIA,2.65194E+11,2.65194E+11,1.72673E+11,1.72673E+11
Nación,CSF,RECURSOS CORRIENTES,2,EDUCACION,22-57-06,UNIVERSIDADES PÚBLICAS - UNIVERSIDAD DISTRITAL FRANCISCO JOSE DE CALDAS,60780509251,51018649542,51018649542,51018649542
Nación,CSF,RECURSOS CORRIENTES,2,EDUCACION,22-57-07,UNIVERSIDADES PÚBLICAS - UNIVERSIDAD DE CARTAGENA,1.77379E+11,1.77292E+11,1.34958E+11,1.34958E+11
Nación,CSF,RECURSOS CORRIENTES,2,EDUCACION,22-57-08,UNIVERSIDADES PÚBLICAS - UNIVERSIDAD DE NARIÑO,1.40552E+11,1.40552E+11,1.00575E+11,1.00575E+11
Nación,CSF,RECURSOS CORRIENTES,2,EDUCACION,22-57-09,UNIVERSIDADES PUBLICAS - UNIVERSIDAD NACIONAL ABIERTA Y A DISTANCIA UNAD,1.34618E+11,88165329135,88165329135,88165329135
Nación,CSF,RECURSOS CORRIENTES,2,EDUCACION,22-57-10,UNIVERSIDADES PÚBLICAS - UNIVERSIDAD DEL MAGDALENA,1.30124E+11,1.00157E+11,1.00157E+11,1.00157E+11
Nación,CSF,RECURSOS CORRIENTES,2,EDUCACION,22-57-11,UNIVERSIDADES PUBLICAS - UNIVERSIDAD DEL CAUCA,2.19362E+11,2.19362E+11,1.55469E+11,1.55469E+11
Nación,CSF,RECURSOS CORRIENTES,2,EDUCACION,22-57-12,UNIVERSIDADES PUBLICAS - UNIVERSIDAD TECNOLOGICA DE PEREIRA,2.31303E+11,2.31303E+11,2.31303E+11,1.75178E+11
Nación,CSF,RECURSOS CORRIENTES,2,EDUCACION,22-57-13,UNIVERSIDADES PÚBLICAS - UNIVERSIDAD DE PAMPLONA,1.02261E+11,1.02261E+11,78107407292,78107407292
Nación,CSF,RECURSOS CORRIENTES,2,EDUCACION,22-57-14,UNIVERSIDADES PUBLICAS - UNIVERSIDAD SURCOLOMBIANA,1.25304E+11,80439251596,80439251596,80439251596
Nación,CSF,RECURSOS CORRIENTES,2,EDUCACION,22-57-15,UNIVERSIDADES PUBLICAS - UNIVERSIDAD PEDAGOGICA NACIONAL,1.51909E+11,1.23485E+11,1.23484E+11,1.1401E+11
Nación,CSF,RECURSOS CORRIENTES,2,EDUCACION,22-57-16,UNIVERSIDADES PUBLICAS - UNIVERSIDAD DE CALDAS,1.75622E+11,1.75622E+11,1.75622E+11,1.22154E+11
Nación,CSF,RECURSOS CORRIENTES,2,EDUCACION,22-57-17,UNIVERSIDADES PÚBLICAS - UNIVERSIDAD MILITAR NUEVA GRANADA,65653129454,43517384863,43517384863,43517384863
Nación,CSF,RECURSOS CORRIENTES,2,EDUCACION,22-57-18,UNIVERSIDADES PÚBLICAS - UNIVERSIDAD DEL ATLÁNTICO,2.38594E+11,2.3741E+11,1.93999E+11,1.77943E+11
Nación,CSF,RECURSOS CORRIENTES,2,EDUCACION,22-57-19,UNIVERSIDADES PÚBLICAS - UNIVERSIDAD DEL TOLIMA,1.14003E+11,1.14003E+11,87196978798,87196978798
Nación,CSF,RECURSOS CORRIENTES,2,EDUCACION,22-57-20,UNIVERSIDADES PUBLICAS - UNIVERSIDAD DE CORDOBA,1.77453E+11,1.77453E+11,1.37593E+11,1.37593E+11
Nación,CSF,RECURSOS CORRIENTES,2,EDUCACION,22-57-21,UNIVERSIDADES PÚBLICAS - UNIVERSIDAD DEL QUINDÍO,1.27925E+11,91282559582,91282559572,91282559572
Nación,CSF,RECURSOS CORRIENTES,2,EDUCACION,22-57-22,UNIVERSIDADES PUBLICAS - UNIVERSIDAD POPULAR DEL CESAR,81573236978,81535774024,71392709411,63350423727
Nación,CSF,RECURSOS CORRIENTES,2,EDUCACION,22-57-23,UNIVERSIDADES PUBLICAS - UNIVERSIDAD DE LOS LLANOS,78224885197,78224885197,52955828851,52955828851
Nación,CSF,RECURSOS CORRIENTES,2,EDUCACION,22-57-24,UNIVERSIDADES PÚBLICAS - UNIVERSIDAD FRANCISCO DE PAULA SANTANDER,93700055540,61820857414,61820857414,61820857414
Nación,CSF,RECURSOS CORRIENTES,2,EDUCACION,22-57-25,UNIVERSIDADES PÚBLICAS - UNIVERSIDAD FRANCISCO DE PAULA SANTANDER SECCIONAL OCAÑA,54076160135,34944838821,34944838821,34944838821
Nación,CSF,RECURSOS CORRIENTES,2,EDUCACION,22-57-26,UNIVERSIDADES PUBLICAS - UNIVERSIDAD DE LA AMAZONIA,78916042683,60493629889,60493629889,60493629889
Nación,CSF,RECURSOS CORRIENTES,2,EDUCACION,22-57-27,UNIVERSIDADES PUBLICAS - UNIVERSIDAD COLEGIO MAYOR DE CUNDINAMARCA,65965506327,65965506327,53255778393,47731756756
Nación,CSF,RECURSOS CORRIENTES,2,EDUCACION,22-57-28,UNIVERSIDADES PÚBLICAS - UNIVERSIDAD DE CUNDINAMARCA,53381275102,41680971294,41680971294,41680971294
Nación,CSF,RECURSOS CORRIENTES,2,EDUCACION,22-57-29,UNIVERSIDADES PUBLICAS - UNIVERSIDAD TECNOLOGICA DEL CHOCO DIEGO LUIS CORDOBA,1.06826E+11,93006110517,92006110517,92006110517
Nación,CSF,RECURSOS CORRIENTES,2,EDUCACION,22-57-30,UNIVERSIDADES PÚBLICAS - UNIVERSIDAD DE SUCRE,60767764465,50672413040,50672413040,47307296565
Nación,CSF,RECURSOS CORRIENTES,2,EDUCACION,22-57-31,UNIVERSIDADES PÚBLICAS - UNIVERSIDAD DE LA GUAJIRA,71025030510,70706555122,47994330629,47994330629
Nación,CSF,RECURSOS CORRIENTES,2,EDUCACION,22-57-32,UNIVERSIDADES PUBLICAS - UNIVERSIDAD DEL PACIFICO,50225396313,40389795535,39747490514,29390690738
Nación,CSF,RECURSOS CORRIENTES,2,EDUCACION,22-57-33,UNIVERSIDADES PÚBLICAS - UNIVERSIDAD INTERNACIONAL DEL TRÓPICO AMERICANO,34259328124,34259328124,34259328124,27309474783
Nación,CSF,RECURSOS CORRIENTES,2,EDUCACION,22-57-34,UNIVERSIDADES PÚBLICAS - UNIVERSIDAD AUTÓNOMA INDÍGENA INTERCULTURAL UAIIN CRIC,21501732707,17824278156,17824278156,13368208617
Nación,CSF,RECURSOS CORRIENTES,20,PRESIDENCIA DE LA REPUBLICA,2/1/2001,PRESIDENCIA DE LA REPUBLICA - GESTION GENERAL,1.03847E+12,8.23216E+11,1.68045E+11,1.66903E+11
Nación,CSF,RECURSOS CORRIENTES,20,PRESIDENCIA DE LA REPUBLICA,2/9/2000,"AGENCIA PRESIDENCIAL DE COOPERACION INTERNACIONAL DE COLOMBIA, APC - COLOMBIA",41169731656,36665863210,29029536045,29003750661
Nación,CSF,RECURSOS CORRIENTES,20,PRESIDENCIA DE LA REPUBLICA,2/11/2000,UNIDAD NACIONAL PARA LA GESTION DEL RIESGO DE DESASTRES,7.78443E+11,6.85718E+11,10006884895,10001318711
Nación,CSF,RECURSOS CORRIENTES,20,PRESIDENCIA DE LA REPUBLICA,2/12/2000,AGENCIA PARA LA REINCORPORACION Y LA NORMALIZACION - ARN,3.17485E+11,2.50153E+11,1.47406E+11,1.47391E+11
Nación,CSF,RECURSOS CORRIENTES,20,PRESIDENCIA DE LA REPUBLICA,2/13/2000,AGENCIA NACIONAL INMOBILIARIA VIRGILIO BARCO VARGAS,66352473428,60269385082,6375708261,6191614562
Nación,CSF,RECURSOS CORRIENTES,20,PRESIDENCIA DE LA REPUBLICA,2/14/2001,AGENCIA DE RENOVACION DEL TERRITORIO ART - GESTION GENERAL,65709000000,46304465577,43981907051,43981907051
Nación,CSF,RECURSOS CORRIENTES,20,PRESIDENCIA DE LA REPUBLICA,2/14/2002,DIRECCIÓN DE SUSTITUCIÓN DE CULTIVOS DE USO ILÍCITO,3796000000,2554091340,1901958776,1901958776
Nación,CSF,RECURSOS CORRIENTES,22,REGISTRADURIA,28-01-01,REGISTRADURIA NACIONAL DEL ESTADO CIVIL - GESTION GENERAL,1.0216E+12,3.62875E+11,3.47938E+11,3.47918E+11
Nación,CSF,RECURSOS CORRIENTES,22,REGISTRADURIA,28-01-02,REGISTRADURIA NACIONAL DEL ESTADO CIVIL - CONSEJO NACIONAL ELECTORAL,1897687405,1897687405,1259944218,1259944218
Nación,CSF,RECURSOS CORRIENTES,22,REGISTRADURIA,28-04-00,CONSEJO NACIONAL ELECTORAL- CNE,2.40172E+11,1.39931E+11,1.26786E+11,1.26751E+11
Nación,CSF,RECURSOS CORRIENTES,24,"CIENCIA, TECNOLOGÍA E INNOVACIÓN",39-01-01,"MINISTERIO DE CIENCIA, TECNOLOGIA E INNOVACION - GESTION GENERAL",29701222000,21220631424,17045860012,17045860012
Nación,CSF,RECURSOS CORRIENTES,25,RAMA JUDICIAL,27-01-02,RAMA JUDICIAL - CONSEJO SUPERIOR DE LA JUDICATURA,1.18798E+12,5.2273E+11,4.99065E+11,4.8729E+11
Nación,CSF,RECURSOS CORRIENTES,25,RAMA JUDICIAL,27-01-03,RAMA JUDICIAL - CORTE SUPREMA DE JUSTICIA,3.06601E+11,2.11857E+11,2.05689E+11,2.05673E+11
Nación,CSF,RECURSOS CORRIENTES,25,RAMA JUDICIAL,27-01-04,RAMA JUDICIAL - CONSEJO DE ESTADO,2.71263E+11,1.87523E+11,1.84438E+11,1.84432E+11
Nación,CSF,RECURSOS CORRIENTES,25,RAMA JUDICIAL,27-01-05,RAMA JUDICIAL - CORTE CONSTITUCIONAL,1.08972E+11,75751865975,73280132008,73224049610
Nación,CSF,RECURSOS CORRIENTES,25,RAMA JUDICIAL,27-01-08,RAMA JUDICIAL - TRIBUNALES Y JUZGADOS,5.87889E+12,4.14928E+12,4.06215E+12,4.06058E+12
Nación,CSF,RECURSOS CORRIENTES,25,RAMA JUDICIAL,27-01-09,COMISIÓN NACIONAL DE DISCIPLINA JUDICIAL,2.24821E+11,1.46229E+11,1.42496E+11,1.42457E+11
Nación,CSF,RECURSOS CORRIENTES,26,FISCALIA,29-01-01,FISCALIA GENERAL DE LA NACION - GESTION GENERAL,5.68452E+12,3.69068E+12,3.53213E+12,3.52422E+12
Nación,CSF,RECURSOS CORRIENTES,26,FISCALIA,29-02-00,INSTITUTO NACIONAL DE MEDICINA LEGAL Y CIENCIAS FORENSES,4.11726E+11,2.78444E+11,2.30788E+11,2.30776E+11
Nación,CSF,RECURSOS CORRIENTES,27,JUSTICIA Y DEL DERECHO,12/1/2001,MINISTERIO DE JUSTICIA Y DEL DERECHO - GESTION GENERAL,1.02793E+11,74157758768,55646520808,55646520808
Nación,CSF,RECURSOS CORRIENTES,27,JUSTICIA Y DEL DERECHO,12/8/2000,INSTITUTO NACIONAL PENITENCIARIO Y CARCELARIO - INPEC,1.82307E+12,1.26093E+12,1.19474E+12,1.18741E+12
Nación,CSF,RECURSOS CORRIENTES,27,JUSTICIA Y DEL DERECHO,12/10/2000,UNIDAD ADMINISTRATIVA ESPECIAL AGENCIA NACIONAL DE DEFENSA JURÍDICA DEL ESTADO,1.41739E+11,87982343497,63497858400,62429175509
Nación,CSF,RECURSOS CORRIENTES,27,JUSTICIA Y DEL DERECHO,12/11/2000,UNIDAD DE SERVICIOS PENITENCIARIOS Y CARCELARIOS - USPEC,1.45544E+12,1.2338E+12,7.16033E+11,7.1603E+11
Nación,CSF,RECURSOS CORRIENTES,29,TRABAJO,36-01-01,MINISTERIO DEL TRABAJO - GESTION GENERAL,3.19715E+13,1.48043E+13,1.47458E+13,1.47455E+13
Nación,CSF,RECURSOS CORRIENTES,29,TRABAJO,36-02-00,SERVICIO NACIONAL DE APRENDIZAJE (SENA),3.25863E+12,2.407E+12,1.6157E+12,1.60737E+12
Nación,CSF,RECURSOS CORRIENTES,29,TRABAJO,36-12-00,UNIDAD ADMINISTRATIVA ESPECIAL DE ORGANIZACIONES SOLIDARIAS,44494772000,36972540067,21074750685,21064891565
Nación,CSF,RECURSOS CORRIENTES,29,TRABAJO,36-13-00,UNIDAD ADMINISTRATIVA ESPECIAL DEL SERVICIO PÚBLICO DE EMPLEO,13825253000,10381623109,9705624488,9705624488
Nación,CSF,RECURSOS CORRIENTES,3,AMBIENTE Y DESARROLLO SOSTENIBLE,32-01-01,MINISTERIO DE AMBIENTE Y DESARROLLO SOSTENIBLE - GESTION GENERAL,5.94153E+11,5.68057E+11,1.23855E+11,1.23702E+11
Nación,CSF,RECURSOS CORRIENTES,3,AMBIENTE Y DESARROLLO SOSTENIBLE,32-01-02,PARQUES NACIONALES NATURALES DE COLOMBIA,69304240000,43715238555,41562554977,41527249464
Nación,CSF,RECURSOS CORRIENTES,3,AMBIENTE Y DESARROLLO SOSTENIBLE,32-02-00,"INSTITUTO DE HIDROLOGIA, METEOROLOGIA Y ESTUDIOS AMBIENTALES - IDEAM",61276091000,48642456336,43484026716,43484026716
Nación,CSF,RECURSOS CORRIENTES,3,AMBIENTE Y DESARROLLO SOSTENIBLE,32-08-00,CORPORACIÓN AUTÓNOMA REGIONAL DE LOS VALLES DEL SINÚ Y SAN JORGE (CVS),4102178000,3271469794,3179670007,3179670007
Nación,CSF,RECURSOS CORRIENTES,3,AMBIENTE Y DESARROLLO SOSTENIBLE,32-09-00,CORPORACIÓN AUTÓNOMA REGIONAL DEL QUINDÍO (CRQ),6298200200,4498974346,4498974346,4498974346
Nación,CSF,RECURSOS CORRIENTES,3,AMBIENTE Y DESARROLLO SOSTENIBLE,32-10-00,CORPORACIÓN PARA EL DESARROLLO SOSTENIBLE DEL URABÁ (CORPOURABÁ),4539978000,4125184461,4090580727,4090580727
Nación,CSF,RECURSOS CORRIENTES,3,AMBIENTE Y DESARROLLO SOSTENIBLE,32-11-00,CORPORACIÓN AUTÓNOMA REGIONAL DE CALDAS (CORPOCALDAS),4758055000,3427188000,3427188000,3427188000
Nación,CSF,RECURSOS CORRIENTES,3,AMBIENTE Y DESARROLLO SOSTENIBLE,32-12-00,CORPORACIÓN AUTÓNOMA REGIONAL PARA EL DESARROLLO SOSTENIBLE DEL CHOCO (CODECHOCO),2530580000,2528163900,2528163900,2528163900
Nación,CSF,RECURSOS CORRIENTES,3,AMBIENTE Y DESARROLLO SOSTENIBLE,32-13-00,CORPORACIÓN AUTÓNOMA REGIONAL PARA LA DEFENSA DE LA MESETA DE BUCARAMANGA (CDMB),1535066000,1535066000,1138507286,1138507286
Nación,CSF,RECURSOS CORRIENTES,3,AMBIENTE Y DESARROLLO SOSTENIBLE,32-14-00,CORPORACIÓN AUTÓNOMA REGIONAL DEL TOLIMA (CORTOLIMA),2640739000,1772433432,1772433432,1772433432
Nación,CSF,RECURSOS CORRIENTES,3,AMBIENTE Y DESARROLLO SOSTENIBLE,32-15-00,CORPORACIÓN AUTÓNOMA REGIONAL DE RISARALDA (CARDER),3167594000,2157306677,2157306677,2157306677
Nación,CSF,RECURSOS CORRIENTES,3,AMBIENTE Y DESARROLLO SOSTENIBLE,32-16-00,CORPORACIÓN AUTÓNOMA REGIONAL DE NARIÑO (CORPONARIÑO),3170008000,3018463459,3018463459,3018463459
Nación,CSF,RECURSOS CORRIENTES,3,AMBIENTE Y DESARROLLO SOSTENIBLE,32-17-00,CORPORACIÓN AUTÓNOMA REGIONAL DE LA FRONTERA NORORIENTAL (CORPONOR),4779768000,3570000000,3570000000,3570000000
Nación,CSF,RECURSOS CORRIENTES,3,AMBIENTE Y DESARROLLO SOSTENIBLE,32-18-00,CORPORACIÓN AUTÓNOMA REGIONAL DE LA GUAJIRA (CORPOGUAJIRA),4577093000,3791512784,3292534833,3292534833
Nación,CSF,RECURSOS CORRIENTES,3,AMBIENTE Y DESARROLLO SOSTENIBLE,32-19-00,CORPORACIÓN AUTÓNOMA REGIONAL DEL CESAR (CORPOCESAR),3628461600,3007000000,3007000000,3007000000
Nación,CSF,RECURSOS CORRIENTES,3,AMBIENTE Y DESARROLLO SOSTENIBLE,32-21-00,CORPORACIÓN AUTÓNOMA REGIONAL DEL CAUCA (CRC),7207747000,5320412441,5320412441,5320412441
Nación,CSF,RECURSOS CORRIENTES,3,AMBIENTE Y DESARROLLO SOSTENIBLE,32-22-00,CORPORACIÓN AUTÓNOMA REGIONAL DEL MAGDALENA (CORPAMAG),5988814000,4802585787,4779189528,4779189528
Nación,CSF,RECURSOS CORRIENTES,3,AMBIENTE Y DESARROLLO SOSTENIBLE,32-23-00,CORPORACIÓN PARA EL DESARROLLO SOSTENIBLE DEL SUR DE LA AMAZONIA (CORPOAMAZONIA),2770529000,2277021727,2211147777,2211147777
Nación,CSF,RECURSOS CORRIENTES,3,AMBIENTE Y DESARROLLO SOSTENIBLE,32-24-00,CORPORACIÓN PARA EL DESARROLLO SOSTENIBLE DEL NORTE Y ORIENTE DE LA AMAZONIA (CDA),2925006600,2476481405,2474689705,2474689705
Nación,CSF,RECURSOS CORRIENTES,3,AMBIENTE Y DESARROLLO SOSTENIBLE,32-26-00,"CORPORACIÓN PARA EL DESARROLLO SOSTENIBLE DEL ARCHIPIÉLAGO DE SAN ANDRÉS, PROVIDENCIA Y SANTA CATALINA (CORALINA)",2858084600,2278031969,2278031969,2278031969
Nación,CSF,RECURSOS CORRIENTES,3,AMBIENTE Y DESARROLLO SOSTENIBLE,32-27-00,CORPORACIÓN PARA EL DESARROLLO SOSTENIBLE DEL ÁREA DE MANEJO ESPECIAL LA MACARENA (CORMACARENA),3105611000,3105545772,3105545772,3105545772
Nación,CSF,RECURSOS CORRIENTES,3,AMBIENTE Y DESARROLLO SOSTENIBLE,32-28-00,CORPORACIÓN PARA EL DESARROLLO SOSTENIBLE DE LA MOJANA Y EL SAN JORGE (CORPOMOJANA),2807432000,2485090783,2472415215,2472415215
Nación,CSF,RECURSOS CORRIENTES,3,AMBIENTE Y DESARROLLO SOSTENIBLE,32-29-00,CORPORACIÓN AUTÓNOMA REGIONAL DE LA ORINOQUIA (CORPORINOQUIA),2658829000,2376816292,2376816292,2376816292
Nación,CSF,RECURSOS CORRIENTES,3,AMBIENTE Y DESARROLLO SOSTENIBLE,32-30-00,CORPORACIÓN AUTÓNOMA REGIONAL DE SUCRE (CARSUCRE),3107055800,2896352804,2841171506,2841171506
Nación,CSF,RECURSOS CORRIENTES,3,AMBIENTE Y DESARROLLO SOSTENIBLE,32-31-00,CORPORACIÓN AUTÓNOMA REGIONAL DEL ALTO MAGDALENA (CAM),2943835000,2521332125,2513279788,2513279788
Nación,CSF,RECURSOS CORRIENTES,3,AMBIENTE Y DESARROLLO SOSTENIBLE,32-32-00,CORPORACIÓN AUTÓNOMA REGIONAL DEL CENTRO DE ANTIOQUIA (CORANTIOQUIA),3212798600,2363666812,2363666812,2363666812
Nación,CSF,RECURSOS CORRIENTES,3,AMBIENTE Y DESARROLLO SOSTENIBLE,32-33-00,CORPORACIÓN AUTÓNOMA REGIONAL DEL ATLÁNTICO (CRA),2521411000,2095000000,2095000000,2095000000
Nación,CSF,RECURSOS CORRIENTES,3,AMBIENTE Y DESARROLLO SOSTENIBLE,32-34-00,CORPORACIÓN AUTÓNOMA REGIONAL DE SANTANDER (CAS),2846356000,2261087146,2261087146,2261087146
Nación,CSF,RECURSOS CORRIENTES,3,AMBIENTE Y DESARROLLO SOSTENIBLE,32-35-00,CORPORACIÓN AUTÓNOMA REGIONAL DE BOYACÁ (CORPOBOYACÁ),2817732200,2491736570,2471577987,2469657708
Nación,CSF,RECURSOS CORRIENTES,3,AMBIENTE Y DESARROLLO SOSTENIBLE,32-36-00,CORPORACIÓN AUTÓNOMA REGIONAL DE CHIVOR (CORPOCHIVOR),2882837800,2284302243,2163061029,2163061029
Nación,CSF,RECURSOS CORRIENTES,3,AMBIENTE Y DESARROLLO SOSTENIBLE,32-37-00,CORPORACIÓN AUTÓNOMA REGIONAL DEL GUAVIO (CORPOGUAVIO),947219000,726087999,614524522,614524522
Nación,CSF,RECURSOS CORRIENTES,3,AMBIENTE Y DESARROLLO SOSTENIBLE,32-38-00,CORPORACIÓN AUTÓNOMA REGIONAL DEL CANAL DEL DIQUE (CARDIQUE),3051615000,2501916000,2484486000,2484486000
Nación,CSF,RECURSOS CORRIENTES,3,AMBIENTE Y DESARROLLO SOSTENIBLE,32-39-00,CORPORACIÓN AUTÓNOMA REGIONAL DEL SUR DE BOLIVAR (CSB),3335749000,2226346435,2146345903,2146345903
Nación,CSF,RECURSOS CORRIENTES,30,INCLUSION SOCIAL Y RECONCILIACION,41-01-01,DEPARTAMENTO ADMINISTRATIVO PARA LA PROSPERIDAD SOCIAL - GESTION GENERAL,8.32608E+12,4.36486E+12,4.05799E+12,4.05711E+12
Nación,CSF,RECURSOS CORRIENTES,30,INCLUSION SOCIAL Y RECONCILIACION,41-04-00,UNIDAD DE ATENCION Y REPARACION INTEGRAL A LAS VICTIMAS,4.30557E+12,2.77572E+12,2.00408E+12,2.00275E+12
Nación,CSF,RECURSOS CORRIENTES,30,INCLUSION SOCIAL Y RECONCILIACION,41-05-00,CENTRO DE MEMORIA HISTORICA,16845515000,12184459239,11303485739,11303485739
Nación,CSF,RECURSOS CORRIENTES,31,INTELIGENCIA,42-01-01,DEPARTAMENTO ADMINISTRATIVO DIRECCION NACIONAL DE INTELIGENCIA - GESTION GENERAL,1.90323E+11,1.03874E+11,88924803180,88895651048
Nación,CSF,RECURSOS CORRIENTES,32,DEPORTE Y RECREACION,43-01-01,MINISTERIO DEL DEPORTE - GESTION GENERAL,1.20041E+11,36989942691,34589094882,34576094882
Nación,CSF,RECURSOS CORRIENTES,33,"VIVIENDA, CIUDAD Y TERRITORIO",40-01-01,"MINISTERIO DE VIVIENDA, CIUDAD Y TERRITORIO - GESTION GENERAL",4.08632E+12,3.01232E+12,2.88018E+12,2.87832E+12
Nación,CSF,RECURSOS CORRIENTES,35,"SISTEMA INTEGRAL DE VERDAD, JUSTICIA, REPARACIÓN Y NO REPETICIÓN",44-01-01,JURISDICCION ESPECIAL PARA LA PAZ - GESTION GENERAL,4.99671E+11,3.87157E+11,3.30478E+11,3.29875E+11
Nación,CSF,RECURSOS CORRIENTES,35,"SISTEMA INTEGRAL DE VERDAD, JUSTICIA, REPARACIÓN Y NO REPETICIÓN",44-03-00,UNIDAD DE BUSQUEDA DE PERSONAS DADAS POR DESAPARECIDAS EN EL CONTEXTO Y EN RAZON DEL CONFLICTO ARMADO (UBPD),1.46454E+11,1.08412E+11,92859459964,92815632087
Nación,CSF,RECURSOS CORRIENTES,36,IGUALDAD Y EQUIDAD,46-01-01,MINISTERIO DE IGUALDAD Y EQUIDAD - GESTIÓN GENERAL,1.40046E+12,1.33221E+12,28992071936,28818524587
Nación,CSF,RECURSOS CORRIENTES,36,IGUALDAD Y EQUIDAD,46-02-00,INSTITUTO COLOMBIANO DE BIENESTAR FAMILIAR (ICBF),6.07821E+12,5.77794E+12,4.11492E+12,4.11452E+12
Nación,CSF,RECURSOS CORRIENTES,36,IGUALDAD Y EQUIDAD,46-03-00,INSTITUTO NACIONAL PARA SORDOS (INSOR),15266810252,11735164232,8829703331,8829703331
Nación,CSF,RECURSOS CORRIENTES,36,IGUALDAD Y EQUIDAD,46-04-00,INSTITUTO NACIONAL PARA CIEGOS (INCI),9255498754,6474588488,5814311038,5814311038
Nación,CSF,RECURSOS CORRIENTES,4,CULTURA,33-01-01,"MINISTERIO DE LAS CULTURAS, LAS ARTES Y LOS SABERES - GESTION GENERAL",1.23419E+12,8.9247E+11,4.88344E+11,4.78682E+11
Nación,CSF,RECURSOS CORRIENTES,4,CULTURA,33-04-00,ARCHIVO GENERAL DE LA NACION,18968225456,13633229269,12775926932,12734578412
Nación,CSF,RECURSOS CORRIENTES,4,CULTURA,33-05-00,INSTITUTO COLOMBIANO DE ANTROPOLOGIA E HISTORIA,52312845323,35477668182,24018477433,23849438344
Nación,CSF,RECURSOS CORRIENTES,4,CULTURA,33-07-00,INSTITUTO CARO Y CUERVO,27411115291,15705142998,11706556837,11639510547
Nación,CSF,RECURSOS CORRIENTES,5,SALUD Y PROTECCION SOCIAL,19-01-01,MINISTERIO DE SALUD Y PROTECCION SOCIAL - GESTION GENERAL,5.53561E+13,4.10563E+13,3.87678E+13,3.87678E+13
Nación,CSF,RECURSOS CORRIENTES,5,SALUD Y PROTECCION SOCIAL,19-01-06,MINISTERIO  DE SALUD Y PROTECCIÓN SOCIAL - UNIDAD ADMINISTRATIVA ESPECIAL FONDO NACIONAL DE ESTUPEFACIENTES,1057136588,915619176,340689159,324535680
Nación,CSF,RECURSOS CORRIENTES,5,SALUD Y PROTECCION SOCIAL,19-03-00,INSTITUTO NACIONAL DE SALUD (INS),1.07826E+11,70236526746,53609776477,53543003231
Nación,CSF,RECURSOS CORRIENTES,5,SALUD Y PROTECCION SOCIAL,19-13-01,FONDO DE PREVISIÓN SOCIAL DEL CONGRESO - PENSIONES,3.35682E+11,2.40164E+11,2.39552E+11,2.39497E+11
Nación,CSF,RECURSOS CORRIENTES,5,SALUD Y PROTECCION SOCIAL,19-13-02,FONDO DE PREVISIÓN SOCIAL DEL CONGRESO - CESANTÍAS Y VIVIENDA,7707701000,3932307317,3932307317,3932307317
Nación,CSF,RECURSOS CORRIENTES,5,SALUD Y PROTECCION SOCIAL,19-14-01,FONDO PASIVO SOCIAL DE FERROCARRILES NACIONALES DE COLOMBIA - SALUD,1.76381E+11,1.60677E+11,1.06415E+11,1.06404E+11
Nación,CSF,RECURSOS CORRIENTES,5,SALUD Y PROTECCION SOCIAL,19-14-02,FONDO PASIVO SOCIAL DE FERROCARRILES NACIONALES DE COLOMBIA - PENSIONES,4.19417E+11,3.02381E+11,2.9561E+11,2.95458E+11
Nación,CSF,RECURSOS CORRIENTES,6,AGRICULTURA Y DESARROLLO RURAL,17-01-01,MINAGRICULTURA - GESTIÓN GENERAL,1.71189E+12,1.2078E+12,5.5192E+11,5.51576E+11
Nación,CSF,RECURSOS CORRIENTES,6,AGRICULTURA Y DESARROLLO RURAL,17-01-06,"UNIDAD DE PLANIFICACION DE TIERRAS RURALES, ADECUACION DE TIERRAS Y USOS AGROPECUARIOS (UPRA)",66517585880,61783272350,41928007703,41763037245
Nación,CSF,RECURSOS CORRIENTES,6,AGRICULTURA Y DESARROLLO RURAL,17-02-00,INSTITUTO COLOMBIANO AGROPECUARIO (ICA),4.29689E+11,2.8824E+11,2.15562E+11,2.12068E+11
Nación,CSF,RECURSOS CORRIENTES,6,AGRICULTURA Y DESARROLLO RURAL,17-15-00,AUTORIDAD NACIONAL DE ACUICULTURA Y PESCA - AUNAP,1.64093E+11,1.23756E+11,52147482812,52147482812
Nación,CSF,RECURSOS CORRIENTES,6,AGRICULTURA Y DESARROLLO RURAL,17-16-00,UNIDAD ADMINISTRATIVA ESPECIAL DE GESTION DE RESTITUCION DE TIERRAS DESPOJADAS,4.7287E+11,3.82682E+11,2.75775E+11,2.70623E+11
Nación,CSF,RECURSOS CORRIENTES,6,AGRICULTURA Y DESARROLLO RURAL,17-17-00,AGENCIA NACIONAL DE TIERRAS - ANT,5.15796E+12,2.09675E+12,5.16196E+11,5.15124E+11
Nación,CSF,RECURSOS CORRIENTES,6,AGRICULTURA Y DESARROLLO RURAL,17-18-00,AGENCIA DE DESARROLLO RURAL - ADR,9.92508E+11,6.3255E+11,2.73078E+11,2.72758E+11
Nación,CSF,RECURSOS CORRIENTES,7,MINAS Y ENERGIA,21-01-01,MINISTERIO DE MINAS Y ENERGIA - GESTION GENERAL,6.31747E+12,4.8307E+12,3.58669E+12,3.58588E+12
Nación,CSF,RECURSOS CORRIENTES,7,MINAS Y ENERGIA,21-01-13,MINISTERIO DE MINAS Y ENERGIA - COMISION DE REGULACION DE ENERGIA Y GAS - CREG -,6077900000,2880999932,2670647732,2626058378
Nación,CSF,RECURSOS CORRIENTES,7,MINAS Y ENERGIA,21-03-00,SERVICIO GEOLOGICO COLOMBIANO,59833881000,44061273946,38250470367,38190148956
Nación,CSF,RECURSOS CORRIENTES,7,MINAS Y ENERGIA,21-10-00,INSTITUTO DE PLANIFICACION Y PROMOCION DE SOLUCIONES  ENERGETICAS PARA LAS ZONAS NO INTERCONECTADAS - IPSE,2.78258E+11,1.55954E+11,18711701354,18698061040
Nación,CSF,RECURSOS CORRIENTES,7,MINAS Y ENERGIA,21-12-00,AGENCIA NACIONAL DE MINERIA - ANM,50509700000,35385981697,26263553502,25730552005
Nación,CSF,RECURSOS CORRIENTES,8,TECNOLOGÍAS DE LA INFORMACIÓN Y LAS COMUNICACIONES,23-01-01,MINISTERIO DE TECNOLOGÍAS DE LA INFORMACIÓN Y LAS COMUNICACIONES - GESTIÓN GENERAL,1.19681E+11,1.16122E+11,80462142117,79898788253
Nación,CSF,RECURSOS CORRIENTES,8,TECNOLOGÍAS DE LA INFORMACIÓN Y LAS COMUNICACIONES,23-06-00,FONDO UNICO DE TECNOLOGIAS DE LA INFORMACION Y LAS COMUNICACIONES,9.46791E+11,4.79457E+11,55037220967,55012487434
Nación,CSF,RECURSOS CORRIENTES,9,TRANSPORTE,24-01-01,MINISTERIO DE TRANSPORTE - GESTION GENERAL,3.22808E+11,2.8444E+11,1.27636E+11,1.27636E+11
Nación,CSF,RECURSOS CORRIENTES,9,TRANSPORTE,24-02-00,INSTITUTO NACIONAL DE VIAS,1.62535E+12,1.14745E+12,5.14634E+11,5.1381E+11
Nación,CSF,RECURSOS CORRIENTES,9,TRANSPORTE,24-13-00,AGENCIA NACIONAL DE INFRAESTRUCTURA,7.33082E+12,5.71932E+12,1.79473E+12,1.79461E+12
Nación,CSF,RECURSOS CORRIENTES,9,TRANSPORTE,24-14-00,UNIDAD DE PLANEACION DEL SECTOR DE INFRAESTRUCTURA DE TRANSPORTE,34687836123,27121675674,20655979162,20619538395
Nación,CSF,RECURSOS CORRIENTES,9,TRANSPORTE,24-15-00,COMISIÓN DE REGULACIÓN DE INFRAESTRUCTURA Y TRANSPORTE,1330936000,0,0,0
Nación,SSF,DONACIONES,27,JUSTICIA Y DEL DERECHO,12/1/2001,MINISTERIO DE JUSTICIA Y DEL DERECHO - GESTION GENERAL,905264500,731750000,332042600,332042600
Nación,SSF,FONDO ESPECIAL DEFENSA NACIONAL,14,DEFENSA Y POLICIA,15-01-01,MINISTERIO DE DEFENSA NACIONAL - GESTIÓN GENERAL,2740000000,214670000,211850822,211850822
Nación,SSF,FONDO ESPECIAL DEFENSA NACIONAL,14,DEFENSA Y POLICIA,15-01-03,MINISTERIO DE DEFENSA NACIONAL - EJÉRCITO,1760000000,47370108,13500000,13500000
Nación,SSF,FONDOS ESPECIALES,14,DEFENSA Y POLICIA,15-01-02,MINISTERIO DE DEFENSA NACIONAL - COMANDO GENERAL,15584000000,9924288121,6266052059,6231765361
Nación,SSF,FONDOS ESPECIALES,14,DEFENSA Y POLICIA,15-01-03,MINISTERIO DE DEFENSA NACIONAL - EJÉRCITO,1.78855E+11,87912356571,54327934927,54327647344
Nación,SSF,FONDOS ESPECIALES,14,DEFENSA Y POLICIA,15-01-04,MINISTERIO DE DEFENSA NACIONAL - ARMADA,75879000000,55724194722,29707696795,29641258747
Nación,SSF,FONDOS ESPECIALES,14,DEFENSA Y POLICIA,15-01-05,MINISTERIO DE DEFENSA NACIONAL - FUERZA AÉREA,58599000000,37724749427,21785999500,21328039586
Nación,SSF,FONDOS ESPECIALES,14,DEFENSA Y POLICIA,15-01-11,MINISTERIO DE DEFENSA NACIONAL - SALUD,1.44246E+12,1.19958E+12,9.24347E+11,9.08324E+11
Nación,SSF,FONDOS ESPECIALES,14,DEFENSA Y POLICIA,15-01-12,MINISTERIO DE DEFENSA NACIONAL - DIRECCIÓN GENERAL MARITIMA (DIMAR),2.15651E+11,1.54358E+11,1.02065E+11,1.01387E+11
Nación,SSF,FONDOS ESPECIALES,14,DEFENSA Y POLICIA,16-01-01,POLICÍA NACIONAL - GESTIÓN GENERAL,2.13082E+11,1.53926E+11,84539873590,81727849921
Nación,SSF,FONDOS ESPECIALES,14,DEFENSA Y POLICIA,16-01-02,POLICÍA NACIONAL - SALUD,1.35523E+12,1.15201E+12,8.70408E+11,8.16554E+11
Nación,SSF,FONDOS ESPECIALES,14,DEFENSA Y POLICIA,16-01-03,POLICIA NACIONAL - EDUCACION,6889000000,4584536746,1786749206,1724464502
Nación,SSF,FONDOS ESPECIALES,16,"COMERCIO, INDUSTRIA Y TURISMO",35-01-02,MINCOMERCIO INDUSTRIA TURISMO - DIRECCION GENERAL DE COMERCIO EXTERIOR,34439101000,22732808966,19425660676,19316525515
Nación,SSF,FONDOS ESPECIALES,17,ORGANISMOS DE CONTROL,25-01-05,MINISTERIO PUBLICO - INSTITUTO DE ESTUDIOS DEL MINISTERIO PUBLICO,624000000,464920363,158453070,158453070
Nación,SSF,FONDOS ESPECIALES,17,ORGANISMOS DE CONTROL,25-02-00,DEFENSORIA DEL PUEBLO,4.02794E+11,1.70506E+11,1.36777E+11,1.34414E+11
Nación,SSF,FONDOS ESPECIALES,17,ORGANISMOS DE CONTROL,26-01-01,CONTRALORIA GENERAL DE LA REPUBLICA - GESTION GENERAL,244000000,0,0,0
Nación,SSF,FONDOS ESPECIALES,2,EDUCACION,22-01-01,MINISTERIO EDUCACION NACIONAL - GESTION GENERAL,5.58591E+11,3.87138E+11,3.09826E+11,3.09735E+11
Nación,SSF,FONDOS ESPECIALES,24,"CIENCIA, TECNOLOGÍA E INNOVACIÓN",39-01-01,"MINISTERIO DE CIENCIA, TECNOLOGIA E INNOVACION - GESTION GENERAL",70000000000,10000000000,10000000000,10000000000
Nación,SSF,FONDOS ESPECIALES,25,RAMA JUDICIAL,27-01-02,RAMA JUDICIAL - CONSEJO SUPERIOR DE LA JUDICATURA,2.72758E+11,40030218914,10407833714,10384939442
Nación,SSF,FONDOS ESPECIALES,25,RAMA JUDICIAL,27-01-08,RAMA JUDICIAL - TRIBUNALES Y JUZGADOS,50507924959,14466751044,14458474587,14399345312
Nación,SSF,FONDOS ESPECIALES,29,TRABAJO,36-01-01,MINISTERIO DEL TRABAJO - GESTION GENERAL,2.92806E+11,1.3484E+11,1.20944E+11,1.20944E+11
Nación,SSF,FONDOS ESPECIALES,29,TRABAJO,36-01-07,MINISTERIO DEL TRABAJO - SUPERINTENDENCIA DE SUBSIDIO FAMILIAR,173107000,0,0,0
Nación,SSF,FONDOS ESPECIALES,3,AMBIENTE Y DESARROLLO SOSTENIBLE,32-01-01,MINISTERIO DE AMBIENTE Y DESARROLLO SOSTENIBLE - GESTION GENERAL,1759662468,0,0,0
Nación,SSF,FONDOS ESPECIALES,3,AMBIENTE Y DESARROLLO SOSTENIBLE,32-08-00,CORPORACIÓN AUTÓNOMA REGIONAL DE LOS VALLES DEL SINÚ Y SAN JORGE (CVS),5573959371,5151943069,1733428971,1728339531
Nación,SSF,FONDOS ESPECIALES,3,AMBIENTE Y DESARROLLO SOSTENIBLE,32-10-00,CORPORACIÓN PARA EL DESARROLLO SOSTENIBLE DEL URABÁ (CORPOURABÁ),7410112518,4421220748,260490410,87955137
Nación,SSF,FONDOS ESPECIALES,3,AMBIENTE Y DESARROLLO SOSTENIBLE,32-12-00,CORPORACIÓN AUTÓNOMA REGIONAL PARA EL DESARROLLO SOSTENIBLE DEL CHOCO (CODECHOCO),8283531877,5121825076,1043071820,1032130953
Nación,SSF,FONDOS ESPECIALES,3,AMBIENTE Y DESARROLLO SOSTENIBLE,32-16-00,CORPORACIÓN AUTÓNOMA REGIONAL DE NARIÑO (CORPONARIÑO),6027570240,5367441129,1927152050,1384038450
Nación,SSF,FONDOS ESPECIALES,3,AMBIENTE Y DESARROLLO SOSTENIBLE,32-18-00,CORPORACIÓN AUTÓNOMA REGIONAL DE LA GUAJIRA (CORPOGUAJIRA),5526460371,232398680,0,0
Nación,SSF,FONDOS ESPECIALES,3,AMBIENTE Y DESARROLLO SOSTENIBLE,32-19-00,CORPORACIÓN AUTÓNOMA REGIONAL DEL CESAR (CORPOCESAR),3225042713,431394157,0,0
Nación,SSF,FONDOS ESPECIALES,3,AMBIENTE Y DESARROLLO SOSTENIBLE,32-23-00,CORPORACIÓN PARA EL DESARROLLO SOSTENIBLE DEL SUR DE LA AMAZONIA (CORPOAMAZONIA),9134369578,6870285687,508056232,272559353
Nación,SSF,FONDOS ESPECIALES,3,AMBIENTE Y DESARROLLO SOSTENIBLE,32-24-00,CORPORACIÓN PARA EL DESARROLLO SOSTENIBLE DEL NORTE Y ORIENTE DE LA AMAZONIA (CDA),8833822932,2065376177,303865018,169770725
Nación,SSF,FONDOS ESPECIALES,3,AMBIENTE Y DESARROLLO SOSTENIBLE,32-26-00,"CORPORACIÓN PARA EL DESARROLLO SOSTENIBLE DEL ARCHIPIÉLAGO DE SAN ANDRÉS, PROVIDENCIA Y SANTA CATALINA (CORALINA)",6886968364,2367198626,832076600,533657439
Nación,SSF,FONDOS ESPECIALES,3,AMBIENTE Y DESARROLLO SOSTENIBLE,32-27-00,CORPORACIÓN PARA EL DESARROLLO SOSTENIBLE DEL ÁREA DE MANEJO ESPECIAL LA MACARENA (CORMACARENA),7244413970,7137114576,5823803602,5823803602
Nación,SSF,FONDOS ESPECIALES,3,AMBIENTE Y DESARROLLO SOSTENIBLE,32-28-00,CORPORACIÓN PARA EL DESARROLLO SOSTENIBLE DE LA MOJANA Y EL SAN JORGE (CORPOMOJANA),7203416602,6480016942,2894775760,448336635
Nación,SSF,FONDOS ESPECIALES,3,AMBIENTE Y DESARROLLO SOSTENIBLE,32-30-00,CORPORACIÓN AUTÓNOMA REGIONAL DE SUCRE (CARSUCRE),6697922044,6566820713,3477762690,790880064
Nación,SSF,FONDOS ESPECIALES,3,AMBIENTE Y DESARROLLO SOSTENIBLE,32-36-00,CORPORACIÓN AUTÓNOMA REGIONAL DE CHIVOR (CORPOCHIVOR),5634137793,3803489722,249616286,177160203
Nación,SSF,FONDOS ESPECIALES,3,AMBIENTE Y DESARROLLO SOSTENIBLE,32-37-00,CORPORACIÓN AUTÓNOMA REGIONAL DEL GUAVIO (CORPOGUAVIO),4707291758,423440718,103638774,77058774
Nación,SSF,FONDOS ESPECIALES,3,AMBIENTE Y DESARROLLO SOSTENIBLE,32-39-00,CORPORACIÓN AUTÓNOMA REGIONAL DEL SUR DE BOLIVAR (CSB),6985317401,6971055001,5028311353,3341644847
Nación,SSF,FONDOS ESPECIALES,30,INCLUSION SOCIAL Y RECONCILIACION,41-01-01,DEPARTAMENTO ADMINISTRATIVO PARA LA PROSPERIDAD SOCIAL - GESTION GENERAL,9.41009E+11,6.8437E+11,6.8437E+11,6.8437E+11
Nación,SSF,FONDOS ESPECIALES,33,"VIVIENDA, CIUDAD Y TERRITORIO",40-01-02,COMISION DE REGULACION DE AGUA POTABLE Y SANEAMIENTO BASICO (CRA),30646392840,22661544344,17747973173,17731901698
Nación,SSF,FONDOS ESPECIALES,5,SALUD Y PROTECCION SOCIAL,19-01-01,MINISTERIO DE SALUD Y PROTECCION SOCIAL - GESTION GENERAL,2.8891E+12,2.88169E+12,1.41198E+12,1.41198E+12
Nación,SSF,FONDOS ESPECIALES,5,SALUD Y PROTECCION SOCIAL,19-01-06,MINISTERIO  DE SALUD Y PROTECCIÓN SOCIAL - UNIDAD ADMINISTRATIVA ESPECIAL FONDO NACIONAL DE ESTUPEFACIENTES,110514000,0,0,0
Nación,SSF,FONDOS ESPECIALES,7,MINAS Y ENERGIA,21-01-01,MINISTERIO DE MINAS Y ENERGIA - GESTION GENERAL,49913000000,42883799666,0,0
Nación,SSF,FONDOS ESPECIALES,7,MINAS Y ENERGIA,21-01-13,MINISTERIO DE MINAS Y ENERGIA - COMISION DE REGULACION DE ENERGIA Y GAS - CREG -,41656388982,28828753781,20756213357,20452070574
Nación,SSF,FONDOS ESPECIALES,9,TRANSPORTE,24-01-01,MINISTERIO DE TRANSPORTE - GESTION GENERAL,62389000000,59537257561,23899650858,23899650858
Nación,SSF,OTROS RECURSOS DEL TESORO,10,PLANEACION,3/1/2001,DEPARTAMENTO NACIONAL DE PLANEACION - GESTION GENERAL,4359000000,0,0,0
Nación,SSF,OTROS RECURSOS DEL TESORO,10,PLANEACION,3/3/2000,UNIDAD ADMINISTRATIVA ESPECIAL - AGENCIA NACIONAL DE CONTRATACION PUBLICA - COLOMBIA COMPRA EFICIENTE,184600000,0,0,0
Nación,SSF,OTROS RECURSOS DEL TESORO,11,INFORMACION ESTADISTICA,4/1/2001,DEPARTAMENTO ADMINISTRATIVO NACIONAL DE ESTADÍSTICA (DANE) - GESTIÓN GENERAL,860000000,0,0,0
Nación,SSF,OTROS RECURSOS DEL TESORO,12,RELACIONES EXTERIORES,11/1/2001,MINIRELACIONES EXTERIORES - GESTIÓN GENERAL,1249000000,0,0,0
Nación,SSF,OTROS RECURSOS DEL TESORO,12,RELACIONES EXTERIORES,11/2/2000,FONDO ROTATORIO DEL MINISTERIO DE RELACIONES EXTERIORES,1618000000,0,0,0
Nación,SSF,OTROS RECURSOS DEL TESORO,12,RELACIONES EXTERIORES,11/4/2000,UNIDAD ADMINISTRATIVA ESPECIAL MIGRACIÓN COLOMBIA,418000000,0,0,0
Nación,SSF,OTROS RECURSOS DEL TESORO,13,HACIENDA,13-01-01,MINISTERIO DE HACIENDA Y CRÉDITO PÚBLICO - GESTIÓN GENERAL,3.44089E+12,0,0,0
Nación,SSF,OTROS RECURSOS DEL TESORO,13,HACIENDA,13-01-17,"UNIDAD ADMINISTRATIVA ESPECIAL AGENCIA DEL INSPECTOR GENERAL DE TRIBUTOS, RENTAS Y CONTRIBUCIONES PARAFISCALES (ITRC)",55000000,0,0,0
Nación,SSF,OTROS RECURSOS DEL TESORO,13,HACIENDA,13-01-18,UNIDAD ADMINISTRATIVA ESPECIAL UNIDAD DE PROYECCIÓN NORMATIVA Y ESTUDIOS DE REGULACIÓN FINANCIERA (URF),16000000,0,0,0
Nación,SSF,OTROS RECURSOS DEL TESORO,13,HACIENDA,13-08-00,UNIDAD ADMINISTRATIVA ESPECIAL CONTADURÍA GENERAL DE LA NACIÓN,61000000,0,0,0
Nación,SSF,OTROS RECURSOS DEL TESORO,13,HACIENDA,13-10-00,UNIDAD ADMINISTRATIVA ESPECIAL DIRECCIÓN DE IMPUESTOS Y ADUANAS NACIONALES,9000000000,0,0,0
Nación,SSF,OTROS RECURSOS DEL TESORO,13,HACIENDA,13-12-00,UNIDAD DE INFORMACIÓN Y ANÁLISIS FINANCIERO,50000000,0,0,0
Nación,SSF,OTROS RECURSOS DEL TESORO,13,HACIENDA,13-14-01,UNIDAD ADMINISTRATIVA ESPECIAL DE GESTIÓN  PENSIONAL Y CONTRIBUCIONES PARAFISCALES DE LA PROTECCIÓN SOCIAL (UGPPP) - GESTIÓN GENERAL,14007000000,13776312031,0,0
Nación,SSF,OTROS RECURSOS DEL TESORO,13,HACIENDA,13-15-00,FONDO ADAPTACIÓN,5500000000,0,0,0
Nación,SSF,OTROS RECURSOS DEL TESORO,14,DEFENSA Y POLICIA,15-01-01,MINISTERIO DE DEFENSA NACIONAL - GESTIÓN GENERAL,3.71135E+11,3.27685E+11,3.27685E+11,3.27685E+11
Nación,SSF,OTROS RECURSOS DEL TESORO,14,DEFENSA Y POLICIA,15-03-00,CAJA DE RETIRO DE LAS FUERZAS MILITARES,11025000000,0,0,0
Nación,SSF,OTROS RECURSOS DEL TESORO,14,DEFENSA Y POLICIA,15-08-00,"DEFENSA CIVIL COLOMBIANA, GUILLERMO LEÓN VALENCIA",114000000,0,0,0
Nación,SSF,OTROS RECURSOS DEL TESORO,14,DEFENSA Y POLICIA,15-11-00,CAJA DE SUELDOS DE RETIRO DE LA POLICÍA NACIONAL,10608000000,0,0,0
Nación,SSF,OTROS RECURSOS DEL TESORO,14,DEFENSA Y POLICIA,15-21-00,UNIDAD ADMINISTRATIVA ESPECIAL DE LA JUSTICIA PENAL MILITAR Y POLICIAL,186000000,0,0,0
Nación,SSF,OTROS RECURSOS DEL TESORO,14,DEFENSA Y POLICIA,16-01-01,POLICÍA NACIONAL - GESTIÓN GENERAL,1.17953E+11,33757476658,33757476658,33757476658
Nación,SSF,OTROS RECURSOS DEL TESORO,15,INTERIOR,37-01-01,MINISTERIO DEL INTERIOR - GESTION GENERAL,2780800000,0,0,0
Nación,SSF,OTROS RECURSOS DEL TESORO,15,INTERIOR,37-01-02,DIRECCIÓN DE LA AUTORIDAD NACIONAL DE CONSULTA PREVIA,91100000,0,0,0
Nación,SSF,OTROS RECURSOS DEL TESORO,15,INTERIOR,37-03-00,DIRECCION NACIONAL DEL DERECHO DE AUTOR,12700000,0,0,0
Nación,SSF,OTROS RECURSOS DEL TESORO,15,INTERIOR,37-04-00,CORPORACION NACIONAL PARA LA RECONSTRUCCION DE LA CUENCA DEL RIO PAEZ Y ZONAS ALEDAÑAS NASA KI WE,30800000,0,0,0
Nación,SSF,OTROS RECURSOS DEL TESORO,15,INTERIOR,37-08-00,UNIDAD NACIONAL DE PROTECCIÓN - UNP,6990811702,0,0,0
Nación,SSF,OTROS RECURSOS DEL TESORO,15,INTERIOR,37-09-00,DIRECCION NACIONAL DE BOMBEROS,82800000,0,0,0
Nación,SSF,OTROS RECURSOS DEL TESORO,16,"COMERCIO, INDUSTRIA Y TURISMO",35-01-01,MINCOMERCIO INDUSTRIA TURISMO - GESTION GENERAL,2095017000,0,0,0
Nación,SSF,OTROS RECURSOS DEL TESORO,16,"COMERCIO, INDUSTRIA Y TURISMO",35-05-00,INSTITUTO NACIONAL DE METROLOGIA - INM,104580000,0,0,0
Nación,SSF,OTROS RECURSOS DEL TESORO,17,ORGANISMOS DE CONTROL,25-01-01,PROCURADURIA GENERAL DE LA NACION - GESTION GENERAL,2722000000,0,0,0
Nación,SSF,OTROS RECURSOS DEL TESORO,17,ORGANISMOS DE CONTROL,25-02-00,DEFENSORIA DEL PUEBLO,2170000000,0,0,0
Nación,SSF,OTROS RECURSOS DEL TESORO,17,ORGANISMOS DE CONTROL,34-01-01,AUDITORIA GENERAL DE LA REPUBLICA - GESTION GENERAL,130000000,0,0,0
Nación,SSF,OTROS RECURSOS DEL TESORO,18,EMPLEO PUBLICO,5/1/2001,DEPARTAMENTO DE LA FUNCIÓN PÚBLICA - GESTIÓN GENERAL,116865400,0,0,0
Nación,SSF,OTROS RECURSOS DEL TESORO,19,CONGRESO DE LA REPUBLICA,1/1/2001,SENADO DE LA REPUBLICA,2086000000,0,0,0
Nación,SSF,OTROS RECURSOS DEL TESORO,19,CONGRESO DE LA REPUBLICA,1/1/2002,CAMARA DE REPRESENTANTES,1168000000,0,0,0
Nación,SSF,OTROS RECURSOS DEL TESORO,2,EDUCACION,22-01-01,MINISTERIO EDUCACION NACIONAL - GESTION GENERAL,1.19671E+11,0,0,0
Nación,SSF,OTROS RECURSOS DEL TESORO,2,EDUCACION,22-34-00,ESCUELA TECNOLOGICA INSTITUTO TECNICO CENTRAL,99390200,0,0,0
Nación,SSF,OTROS RECURSOS DEL TESORO,2,EDUCACION,22-38-00,INSTITUTO NACIONAL DE FORMACION TECNICA PROFESIONAL DE SAN ANDRES Y PROVIDENCIA,19659600,0,0,0
Nación,SSF,OTROS RECURSOS DEL TESORO,2,EDUCACION,22-39-00,INSTITUTO NACIONAL DE FORMACION TECNICA PROFESIONAL DE SAN JUAN DEL CESAR,21844000,0,0,0
Nación,SSF,OTROS RECURSOS DEL TESORO,2,EDUCACION,22-41-00,INSTITUTO TOLIMENSE DE FORMACION TECNICA PROFESIONAL,67716400,0,0,0
Nación,SSF,OTROS RECURSOS DEL TESORO,2,EDUCACION,22-42-00,INSTITUTO TECNICO NACIONAL DE COMERCIO SIMON RODRIGUEZ DE CALI,34950400,0,0,0
Nación,SSF,OTROS RECURSOS DEL TESORO,2,EDUCACION,22-46-00,UNIDAD ADMINISTRATIVA ESPECIAL DE ALIMENTACION ESCOLAR,3057067800,0,0,0
Nación,SSF,OTROS RECURSOS DEL TESORO,20,PRESIDENCIA DE LA REPUBLICA,2/1/2001,PRESIDENCIA DE LA REPUBLICA - GESTION GENERAL,824000000,0,0,0
Nación,SSF,OTROS RECURSOS DEL TESORO,20,PRESIDENCIA DE LA REPUBLICA,2/9/2000,"AGENCIA PRESIDENCIAL DE COOPERACION INTERNACIONAL DE COLOMBIA, APC - COLOMBIA",528000000,0,0,0
Nación,SSF,OTROS RECURSOS DEL TESORO,20,PRESIDENCIA DE LA REPUBLICA,2/11/2000,UNIDAD NACIONAL PARA LA GESTION DEL RIESGO DE DESASTRES,1836000000,0,0,0
Nación,SSF,OTROS RECURSOS DEL TESORO,20,PRESIDENCIA DE LA REPUBLICA,2/12/2000,AGENCIA PARA LA REINCORPORACION Y LA NORMALIZACION - ARN,718000000,0,0,0
Nación,SSF,OTROS RECURSOS DEL TESORO,20,PRESIDENCIA DE LA REPUBLICA,2/13/2000,AGENCIA NACIONAL INMOBILIARIA VIRGILIO BARCO VARGAS,170000000,0,0,0
Nación,SSF,OTROS RECURSOS DEL TESORO,20,PRESIDENCIA DE LA REPUBLICA,2/14/2001,AGENCIA DE RENOVACION DEL TERRITORIO ART - GESTION GENERAL,249000000,0,0,0
Nación,SSF,OTROS RECURSOS DEL TESORO,20,PRESIDENCIA DE LA REPUBLICA,2/14/2002,DIRECCIÓN DE SUSTITUCIÓN DE CULTIVOS DE USO ILÍCITO,10000000,0,0,0
Nación,SSF,OTROS RECURSOS DEL TESORO,21,SERVICIO DE LA DEUDA PUBLICA NACIONAL,14-01-00,SERVICIO DE LA DEUDA PÚBLICA NACIONAL,5.05729E+12,13975000000,9786998000,9786998000
Nación,SSF,OTROS RECURSOS DEL TESORO,22,REGISTRADURIA,28-01-01,REGISTRADURIA NACIONAL DEL ESTADO CIVIL - GESTION GENERAL,5438000000,0,0,0
Nación,SSF,OTROS RECURSOS DEL TESORO,24,"CIENCIA, TECNOLOGÍA E INNOVACIÓN",39-01-01,"MINISTERIO DE CIENCIA, TECNOLOGIA E INNOVACION - GESTION GENERAL",700000000,0,0,0
Nación,SSF,OTROS RECURSOS DEL TESORO,25,RAMA JUDICIAL,27-01-02,RAMA JUDICIAL - CONSEJO SUPERIOR DE LA JUDICATURA,31302578136,17695578136,17695578136,17695578136
Nación,SSF,OTROS RECURSOS DEL TESORO,26,FISCALIA,29-01-01,FISCALIA GENERAL DE LA NACION - GESTION GENERAL,1.85875E+11,1.73978E+11,1.73978E+11,1.73978E+11
Nación,SSF,OTROS RECURSOS DEL TESORO,26,FISCALIA,29-02-00,INSTITUTO NACIONAL DE MEDICINA LEGAL Y CIENCIAS FORENSES,850000000,0,0,0
Nación,SSF,OTROS RECURSOS DEL TESORO,27,JUSTICIA Y DEL DERECHO,12/1/2001,MINISTERIO DE JUSTICIA Y DEL DERECHO - GESTION GENERAL,631336000,89601061,0,0
Nación,SSF,OTROS RECURSOS DEL TESORO,27,JUSTICIA Y DEL DERECHO,12/8/2000,INSTITUTO NACIONAL PENITENCIARIO Y CARCELARIO - INPEC,3991000000,0,0,0
Nación,SSF,OTROS RECURSOS DEL TESORO,27,JUSTICIA Y DEL DERECHO,12/10/2000,UNIDAD ADMINISTRATIVA ESPECIAL AGENCIA NACIONAL DE DEFENSA JURÍDICA DEL ESTADO,289800000,0,0,0
Nación,SSF,OTROS RECURSOS DEL TESORO,27,JUSTICIA Y DEL DERECHO,12/11/2000,UNIDAD DE SERVICIOS PENITENCIARIOS Y CARCELARIOS - USPEC,3474200000,0,0,0
Nación,SSF,OTROS RECURSOS DEL TESORO,29,TRABAJO,36-01-01,MINISTERIO DEL TRABAJO - GESTION GENERAL,5.20196E+12,13129823837,13118478880,13118478880
Nación,SSF,OTROS RECURSOS DEL TESORO,29,TRABAJO,36-12-00,UNIDAD ADMINISTRATIVA ESPECIAL DE ORGANIZACIONES SOLIDARIAS,91501000,0,0,0
Nación,SSF,OTROS RECURSOS DEL TESORO,29,TRABAJO,36-13-00,UNIDAD ADMINISTRATIVA ESPECIAL DEL SERVICIO PÚBLICO DE EMPLEO,83904000,0,0,0
Nación,SSF,OTROS RECURSOS DEL TESORO,3,AMBIENTE Y DESARROLLO SOSTENIBLE,32-01-01,MINISTERIO DE AMBIENTE Y DESARROLLO SOSTENIBLE - GESTION GENERAL,1016097000,0,0,0
Nación,SSF,OTROS RECURSOS DEL TESORO,3,AMBIENTE Y DESARROLLO SOSTENIBLE,32-01-02,PARQUES NACIONALES NATURALES DE COLOMBIA,396300000,0,0,0
Nación,SSF,OTROS RECURSOS DEL TESORO,3,AMBIENTE Y DESARROLLO SOSTENIBLE,32-01-04,AUTORIDAD NACIONAL DE LICENCIAS AMBIENTALES ANLA,92642798000,64033388374,58349964529,58223338582
Nación,SSF,OTROS RECURSOS DEL TESORO,3,AMBIENTE Y DESARROLLO SOSTENIBLE,32-02-00,"INSTITUTO DE HIDROLOGIA, METEOROLOGIA Y ESTUDIOS AMBIENTALES - IDEAM",244200000,0,0,0
Nación,SSF,OTROS RECURSOS DEL TESORO,3,AMBIENTE Y DESARROLLO SOSTENIBLE,32-08-00,CORPORACIÓN AUTÓNOMA REGIONAL DE LOS VALLES DEL SINÚ Y SAN JORGE (CVS),8985000,0,0,0
Nación,SSF,OTROS RECURSOS DEL TESORO,3,AMBIENTE Y DESARROLLO SOSTENIBLE,32-09-00,CORPORACIÓN AUTÓNOMA REGIONAL DEL QUINDÍO (CRQ),14198600,0,0,0
Nación,SSF,OTROS RECURSOS DEL TESORO,3,AMBIENTE Y DESARROLLO SOSTENIBLE,32-10-00,CORPORACIÓN PARA EL DESARROLLO SOSTENIBLE DEL URABÁ (CORPOURABÁ),22823000,0,0,0
Nación,SSF,OTROS RECURSOS DEL TESORO,3,AMBIENTE Y DESARROLLO SOSTENIBLE,32-11-00,CORPORACIÓN AUTÓNOMA REGIONAL DE CALDAS (CORPOCALDAS),12012000,0,0,0
Nación,SSF,OTROS RECURSOS DEL TESORO,3,AMBIENTE Y DESARROLLO SOSTENIBLE,32-12-00,CORPORACIÓN AUTÓNOMA REGIONAL PARA EL DESARROLLO SOSTENIBLE DEL CHOCO (CODECHOCO),26645000,0,0,0
Nación,SSF,OTROS RECURSOS DEL TESORO,3,AMBIENTE Y DESARROLLO SOSTENIBLE,32-14-00,CORPORACIÓN AUTÓNOMA REGIONAL DEL TOLIMA (CORTOLIMA),10702000,0,0,0
Nación,SSF,OTROS RECURSOS DEL TESORO,3,AMBIENTE Y DESARROLLO SOSTENIBLE,32-15-00,CORPORACIÓN AUTÓNOMA REGIONAL DE RISARALDA (CARDER),15725000,0,0,0
Nación,SSF,OTROS RECURSOS DEL TESORO,3,AMBIENTE Y DESARROLLO SOSTENIBLE,32-16-00,CORPORACIÓN AUTÓNOMA REGIONAL DE NARIÑO (CORPONARIÑO),8408000,0,0,0
Nación,SSF,OTROS RECURSOS DEL TESORO,3,AMBIENTE Y DESARROLLO SOSTENIBLE,32-17-00,CORPORACIÓN AUTÓNOMA REGIONAL DE LA FRONTERA NORORIENTAL (CORPONOR),14414000,0,0,0
Nación,SSF,OTROS RECURSOS DEL TESORO,3,AMBIENTE Y DESARROLLO SOSTENIBLE,32-19-00,CORPORACIÓN AUTÓNOMA REGIONAL DEL CESAR (CORPOCESAR),7645000,0,0,0
Nación,SSF,OTROS RECURSOS DEL TESORO,3,AMBIENTE Y DESARROLLO SOSTENIBLE,32-22-00,CORPORACIÓN AUTÓNOMA REGIONAL DEL MAGDALENA (CORPAMAG),18223000,0,0,0
Nación,SSF,OTROS RECURSOS DEL TESORO,3,AMBIENTE Y DESARROLLO SOSTENIBLE,32-23-00,CORPORACIÓN PARA EL DESARROLLO SOSTENIBLE DEL SUR DE LA AMAZONIA (CORPOAMAZONIA),22932000,0,0,0
Nación,SSF,OTROS RECURSOS DEL TESORO,3,AMBIENTE Y DESARROLLO SOSTENIBLE,32-24-00,CORPORACIÓN PARA EL DESARROLLO SOSTENIBLE DEL NORTE Y ORIENTE DE LA AMAZONIA (CDA),9829800,0,0,0
Nación,SSF,OTROS RECURSOS DEL TESORO,3,AMBIENTE Y DESARROLLO SOSTENIBLE,32-26-00,"CORPORACIÓN PARA EL DESARROLLO SOSTENIBLE DEL ARCHIPIÉLAGO DE SAN ANDRÉS, PROVIDENCIA Y SANTA CATALINA (CORALINA)",13106400,0,0,0
Nación,SSF,OTROS RECURSOS DEL TESORO,3,AMBIENTE Y DESARROLLO SOSTENIBLE,32-27-00,CORPORACIÓN PARA EL DESARROLLO SOSTENIBLE DEL ÁREA DE MANEJO ESPECIAL LA MACARENA (CORMACARENA),14196000,0,0,0
Nación,SSF,OTROS RECURSOS DEL TESORO,3,AMBIENTE Y DESARROLLO SOSTENIBLE,32-28-00,CORPORACIÓN PARA EL DESARROLLO SOSTENIBLE DE LA MOJANA Y EL SAN JORGE (CORPOMOJANA),13379000,0,0,0
Nación,SSF,OTROS RECURSOS DEL TESORO,3,AMBIENTE Y DESARROLLO SOSTENIBLE,32-29-00,CORPORACIÓN AUTÓNOMA REGIONAL DE LA ORINOQUIA (CORPORINOQUIA),7644000,0,0,0
Nación,SSF,OTROS RECURSOS DEL TESORO,3,AMBIENTE Y DESARROLLO SOSTENIBLE,32-30-00,CORPORACIÓN AUTÓNOMA REGIONAL DE SUCRE (CARSUCRE),14198600,0,0,0
Nación,SSF,OTROS RECURSOS DEL TESORO,3,AMBIENTE Y DESARROLLO SOSTENIBLE,32-31-00,CORPORACIÓN AUTÓNOMA REGIONAL DEL ALTO MAGDALENA (CAM),13650000,0,0,0
Nación,SSF,OTROS RECURSOS DEL TESORO,3,AMBIENTE Y DESARROLLO SOSTENIBLE,32-32-00,CORPORACIÓN AUTÓNOMA REGIONAL DEL CENTRO DE ANTIOQUIA (CORANTIOQUIA),20751800,0,0,0
Nación,SSF,OTROS RECURSOS DEL TESORO,3,AMBIENTE Y DESARROLLO SOSTENIBLE,32-33-00,CORPORACIÓN AUTÓNOMA REGIONAL DEL ATLÁNTICO (CRA),11764000,0,0,0
Nación,SSF,OTROS RECURSOS DEL TESORO,3,AMBIENTE Y DESARROLLO SOSTENIBLE,32-34-00,CORPORACIÓN AUTÓNOMA REGIONAL DE SANTANDER (CAS),16380000,0,0,0
Nación,SSF,OTROS RECURSOS DEL TESORO,3,AMBIENTE Y DESARROLLO SOSTENIBLE,32-35-00,CORPORACIÓN AUTÓNOMA REGIONAL DE BOYACÁ (CORPOBOYACÁ),18567400,0,0,0
Nación,SSF,OTROS RECURSOS DEL TESORO,3,AMBIENTE Y DESARROLLO SOSTENIBLE,32-36-00,CORPORACIÓN AUTÓNOMA REGIONAL DE CHIVOR (CORPOCHIVOR),18567400,0,0,0
Nación,SSF,OTROS RECURSOS DEL TESORO,3,AMBIENTE Y DESARROLLO SOSTENIBLE,32-38-00,CORPORACIÓN AUTÓNOMA REGIONAL DEL CANAL DEL DIQUE (CARDIQUE),21107000,0,0,0
Nación,SSF,OTROS RECURSOS DEL TESORO,3,AMBIENTE Y DESARROLLO SOSTENIBLE,32-39-00,CORPORACIÓN AUTÓNOMA REGIONAL DEL SUR DE BOLIVAR (CSB),8737600,6293030,0,0
Nación,SSF,OTROS RECURSOS DEL TESORO,30,INCLUSION SOCIAL Y RECONCILIACION,41-01-01,DEPARTAMENTO ADMINISTRATIVO PARA LA PROSPERIDAD SOCIAL - GESTION GENERAL,32609649182,0,0,0
Nación,SSF,OTROS RECURSOS DEL TESORO,30,INCLUSION SOCIAL Y RECONCILIACION,41-04-00,UNIDAD DE ATENCION Y REPARACION INTEGRAL A LAS VICTIMAS,6412306200,0,0,0
Nación,SSF,OTROS RECURSOS DEL TESORO,30,INCLUSION SOCIAL Y RECONCILIACION,41-05-00,CENTRO DE MEMORIA HISTORICA,166532067,0,0,0
Nación,SSF,OTROS RECURSOS DEL TESORO,31,INTELIGENCIA,42-01-01,DEPARTAMENTO ADMINISTRATIVO DIRECCION NACIONAL DE INTELIGENCIA - GESTION GENERAL,262000000,0,0,0
Nación,SSF,OTROS RECURSOS DEL TESORO,32,DEPORTE Y RECREACION,43-01-01,MINISTERIO DEL DEPORTE - GESTION GENERAL,2194229800,0,0,0
Nación,SSF,OTROS RECURSOS DEL TESORO,33,"VIVIENDA, CIUDAD Y TERRITORIO",40-01-01,"MINISTERIO DE VIVIENDA, CIUDAD Y TERRITORIO - GESTION GENERAL",13000000000,0,0,0
Nación,SSF,OTROS RECURSOS DEL TESORO,33,"VIVIENDA, CIUDAD Y TERRITORIO",40-02-00,FONDO NACIONAL DE VIVIENDA - FONVIVIENDA,9000000000,0,0,0
Nación,SSF,OTROS RECURSOS DEL TESORO,35,"SISTEMA INTEGRAL DE VERDAD, JUSTICIA, REPARACIÓN Y NO REPETICIÓN",44-01-01,JURISDICCION ESPECIAL PARA LA PAZ - GESTION GENERAL,903000000,0,0,0
Nación,SSF,OTROS RECURSOS DEL TESORO,35,"SISTEMA INTEGRAL DE VERDAD, JUSTICIA, REPARACIÓN Y NO REPETICIÓN",44-03-00,UNIDAD DE BUSQUEDA DE PERSONAS DADAS POR DESAPARECIDAS EN EL CONTEXTO Y EN RAZON DEL CONFLICTO ARMADO (UBPD),343000000,0,0,0
Nación,SSF,OTROS RECURSOS DEL TESORO,36,IGUALDAD Y EQUIDAD,46-03-00,INSTITUTO NACIONAL PARA SORDOS (INSOR),31673800,0,0,0
Nación,SSF,OTROS RECURSOS DEL TESORO,36,IGUALDAD Y EQUIDAD,46-04-00,INSTITUTO NACIONAL PARA CIEGOS (INCI),19659600,0,0,0
Nación,SSF,OTROS RECURSOS DEL TESORO,4,CULTURA,33-01-01,"MINISTERIO DE LAS CULTURAS, LAS ARTES Y LOS SABERES - GESTION GENERAL",1226540600,0,0,0
Nación,SSF,OTROS RECURSOS DEL TESORO,4,CULTURA,33-04-00,ARCHIVO GENERAL DE LA NACION,101574600,0,0,0
Nación,SSF,OTROS RECURSOS DEL TESORO,4,CULTURA,33-05-00,INSTITUTO COLOMBIANO DE ANTROPOLOGIA E HISTORIA,50241200,0,0,0
Nación,SSF,OTROS RECURSOS DEL TESORO,4,CULTURA,33-07-00,INSTITUTO CARO Y CUERVO,36042600,0,0,0
Nación,SSF,OTROS RECURSOS DEL TESORO,5,SALUD Y PROTECCION SOCIAL,19-01-01,MINISTERIO DE SALUD Y PROTECCION SOCIAL - GESTION GENERAL,1.8582E+11,0,0,0
Nación,SSF,OTROS RECURSOS DEL TESORO,5,SALUD Y PROTECCION SOCIAL,19-03-00,INSTITUTO NACIONAL DE SALUD (INS),137972000,0,0,0
Nación,SSF,OTROS RECURSOS DEL TESORO,6,AGRICULTURA Y DESARROLLO RURAL,17-01-01,MINAGRICULTURA - GESTIÓN GENERAL,20947001457,17916727457,17916727457,17916727457
Nación,SSF,OTROS RECURSOS DEL TESORO,6,AGRICULTURA Y DESARROLLO RURAL,17-01-06,"UNIDAD DE PLANIFICACION DE TIERRAS RURALES, ADECUACION DE TIERRAS Y USOS AGROPECUARIOS (UPRA)",110000000,0,0,0
Nación,SSF,OTROS RECURSOS DEL TESORO,6,AGRICULTURA Y DESARROLLO RURAL,17-02-00,INSTITUTO COLOMBIANO AGROPECUARIO (ICA),1000152000,0,0,0
Nación,SSF,OTROS RECURSOS DEL TESORO,6,AGRICULTURA Y DESARROLLO RURAL,17-15-00,AUTORIDAD NACIONAL DE ACUICULTURA Y PESCA - AUNAP,220620000,0,0,0
Nación,SSF,OTROS RECURSOS DEL TESORO,6,AGRICULTURA Y DESARROLLO RURAL,17-16-00,UNIDAD ADMINISTRATIVA ESPECIAL DE GESTION DE RESTITUCION DE TIERRAS DESPOJADAS,792999000,0,0,0
Nación,SSF,OTROS RECURSOS DEL TESORO,6,AGRICULTURA Y DESARROLLO RURAL,17-17-00,AGENCIA NACIONAL DE TIERRAS - ANT,1001972000,0,0,0
Nación,SSF,OTROS RECURSOS DEL TESORO,6,AGRICULTURA Y DESARROLLO RURAL,17-18-00,AGENCIA DE DESARROLLO RURAL - ADR,810353000,0,0,0
Nación,SSF,OTROS RECURSOS DEL TESORO,7,MINAS Y ENERGIA,21-01-01,MINISTERIO DE MINAS Y ENERGIA - GESTION GENERAL,16220301283,0,0,0
Nación,SSF,OTROS RECURSOS DEL TESORO,7,MINAS Y ENERGIA,21-03-00,SERVICIO GEOLOGICO COLOMBIANO,595000000,0,0,0
Nación,SSF,OTROS RECURSOS DEL TESORO,7,MINAS Y ENERGIA,21-10-00,INSTITUTO DE PLANIFICACION Y PROMOCION DE SOLUCIONES  ENERGETICAS PARA LAS ZONAS NO INTERCONECTADAS - IPSE,233000000,0,0,0
Nación,SSF,OTROS RECURSOS DEL TESORO,8,TECNOLOGÍAS DE LA INFORMACIÓN Y LAS COMUNICACIONES,23-01-01,MINISTERIO DE TECNOLOGÍAS DE LA INFORMACIÓN Y LAS COMUNICACIONES - GESTIÓN GENERAL,405331000,0,0,0
Nación,SSF,OTROS RECURSOS DEL TESORO,9,TRANSPORTE,24-01-01,MINISTERIO DE TRANSPORTE - GESTION GENERAL,6062313135,5072034135,5072034135,5072034135
Nación,SSF,OTROS RECURSOS DEL TESORO,9,TRANSPORTE,24-02-00,INSTITUTO NACIONAL DE VIAS,14119087014,0,0,0
Nación,SSF,OTROS RECURSOS DEL TESORO,9,TRANSPORTE,24-13-00,AGENCIA NACIONAL DE INFRAESTRUCTURA,1.12491E+11,0,0,0
Nación,SSF,OTROS RECURSOS DEL TESORO,9,TRANSPORTE,24-14-00,UNIDAD DE PLANEACION DEL SECTOR DE INFRAESTRUCTURA DE TRANSPORTE,22692000,0,0,0
Nación,SSF,RENTAS PARAFISCALES,2,EDUCACION,22-01-01,MINISTERIO EDUCACION NACIONAL - GESTION GENERAL,3.0235E+12,1.77074E+12,1.77074E+12,1.77074E+12
Nación,SSF,RENTAS PARAFISCALES,4,CULTURA,33-01-01,"MINISTERIO DE LAS CULTURAS, LAS ARTES Y LOS SABERES - GESTION GENERAL",83544483800,83544483800,83544483800,83544483800
Propios,CSF,DONACIONES,20,PRESIDENCIA DE LA REPUBLICA,2/9/2000,"AGENCIA PRESIDENCIAL DE COOPERACION INTERNACIONAL DE COLOMBIA, APC - COLOMBIA",70301913265,7230791208,2262881464,2262881464
Propios,CSF,DONACIONES,3,AMBIENTE Y DESARROLLO SOSTENIBLE,32-01-01,MINISTERIO DE AMBIENTE Y DESARROLLO SOSTENIBLE - GESTION GENERAL,0,0,0,0
Propios,CSF,DONACIONES,33,"VIVIENDA, CIUDAD Y TERRITORIO",40-01-01,"MINISTERIO DE VIVIENDA, CIUDAD Y TERRITORIO - GESTION GENERAL",0,0,0,0
Propios,CSF,DONACIONES,33,"VIVIENDA, CIUDAD Y TERRITORIO",40-02-00,FONDO NACIONAL DE VIVIENDA - FONVIVIENDA,0,0,0,0
Propios,CSF,DONACIONES,4,CULTURA,33-01-01,"MINISTERIO DE LAS CULTURAS, LAS ARTES Y LOS SABERES - GESTION GENERAL",0,0,0,0
Propios,CSF,FONDOS ESPECIALES,26,FISCALIA,29-04-00,FONDO ESPECIAL PARA LA ADMINISTRACION DE BIENES DE LA FISCALIA GENERAL DE LA NACION,40427091476,36053766092,24246124251,23950207393
Propios,CSF,FONDOS ESPECIALES,27,JUSTICIA Y DEL DERECHO,12/4/2000,SUPERINTENDENCIA DE NOTARIADO Y REGISTRO,82638000000,51839438573,51774968471,51761623497
Propios,CSF,FONDOS ESPECIALES,27,JUSTICIA Y DEL DERECHO,12/8/2000,INSTITUTO NACIONAL PENITENCIARIO Y CARCELARIO - INPEC,1.0532E+11,83727171198,67561320013,62014646812
Propios,CSF,FONDOS ESPECIALES,29,TRABAJO,36-02-00,SERVICIO NACIONAL DE APRENDIZAJE (SENA),4.49386E+11,3.83366E+11,1.29254E+11,1.28652E+11
Propios,CSF,FONDOS ESPECIALES,30,INCLUSION SOCIAL Y RECONCILIACION,41-04-00,UNIDAD DE ATENCION Y REPARACION INTEGRAL A LAS VICTIMAS,64116508800,1300970473,834104582,834104582
Propios,CSF,FONDOS ESPECIALES,36,IGUALDAD Y EQUIDAD,46-02-00,INSTITUTO COLOMBIANO DE BIENESTAR FAMILIAR (ICBF),20492784988,0,0,0
Propios,CSF,INGRESOS CORRIENTES,10,PLANEACION,3/24/2000,SUPERINTENDENCIA DE SERVICIOS PÚBLICOS DOMICILIARIOS,2.48059E+11,1.47518E+11,1.2104E+11,1.20416E+11
Propios,CSF,INGRESOS CORRIENTES,11,INFORMACION ESTADISTICA,4/2/2000,FONDO ROTATORIO DEL DANE,45687527540,32965072400,21409158388,21409158388
Propios,CSF,INGRESOS CORRIENTES,11,INFORMACION ESTADISTICA,4/3/2000,INSTITUTO GEOGRÁFICO AGUSTÍN CODAZZI - IGAC,19889503617,6967327958,4222746091,4219983689
Propios,CSF,INGRESOS CORRIENTES,12,RELACIONES EXTERIORES,11/2/2000,FONDO ROTATORIO DEL MINISTERIO DE RELACIONES EXTERIORES,3.26858E+11,2.78907E+11,2.27537E+11,2.27537E+11
Propios,CSF,INGRESOS CORRIENTES,12,RELACIONES EXTERIORES,11/4/2000,UNIDAD ADMINISTRATIVA ESPECIAL MIGRACIÓN COLOMBIA,28347000000,24706994829,15917795564,15829723782
Propios,CSF,INGRESOS CORRIENTES,13,HACIENDA,13-09-00,SUPERINTENDENCIA DE LA ECONOMÍA SOLIDARIA,31643748857,21625552791,15353265477,15353265477
Propios,CSF,INGRESOS CORRIENTES,13,HACIENDA,13-10-00,UNIDAD ADMINISTRATIVA ESPECIAL DIRECCIÓN DE IMPUESTOS Y ADUANAS NACIONALES,6847000000,4142804100,0,0
Propios,CSF,INGRESOS CORRIENTES,13,HACIENDA,13-13-00,SUPERINTENDENCIA FINANCIERA DE COLOMBIA,4.33367E+11,2.32903E+11,2.10592E+11,2.10588E+11
Propios,CSF,INGRESOS CORRIENTES,14,DEFENSA Y POLICIA,15-03-00,CAJA DE RETIRO DE LAS FUERZAS MILITARES,3.76876E+11,1.28012E+11,1.24393E+11,1.24393E+11
Propios,CSF,INGRESOS CORRIENTES,14,DEFENSA Y POLICIA,15-07-00,INSTITUTO CASAS FISCALES DEL EJÉRCITO,48793409877,33539108531,21551417518,21532454854
Propios,CSF,INGRESOS CORRIENTES,14,DEFENSA Y POLICIA,15-08-00,"DEFENSA CIVIL COLOMBIANA, GUILLERMO LEÓN VALENCIA",3000000000,1123471758,1123471758,1123471758
Propios,CSF,INGRESOS CORRIENTES,14,DEFENSA Y POLICIA,15-10-00,CLUB MILITAR DE OFICIALES,52184000000,29063074669,25623103527,25435121925
Propios,CSF,INGRESOS CORRIENTES,14,DEFENSA Y POLICIA,15-11-00,CAJA DE SUELDOS DE RETIRO DE LA POLICÍA NACIONAL,4.57479E+11,2.34046E+11,2.30363E+11,2.3035E+11
Propios,CSF,INGRESOS CORRIENTES,14,DEFENSA Y POLICIA,15-12-01,FONPOLICÍA - GESTIÓN GENERAL,2.46046E+11,1.57737E+11,29299986616,28981774340
Propios,CSF,INGRESOS CORRIENTES,14,DEFENSA Y POLICIA,15-16-00,SUPERINTENDENCIA DE VIGILANCIA Y SEGURIDAD PRIVADA,35250000000,21302071064,15575827326,15526075782
Propios,CSF,INGRESOS CORRIENTES,14,DEFENSA Y POLICIA,15-19-00,HOSPITAL MILITAR,4.79384E+11,4.04998E+11,2.9301E+11,2.55099E+11
Propios,CSF,INGRESOS CORRIENTES,14,DEFENSA Y POLICIA,15-20-00,AGENCIA LOGÍSTICA DE LAS FUERZAS MILITARES,9.16634E+11,7.24158E+11,5.62712E+11,5.27396E+11
Propios,CSF,INGRESOS CORRIENTES,15,INTERIOR,37-08-00,UNIDAD NACIONAL DE PROTECCIÓN - UNP,2.05694E+11,1.79311E+11,64874129386,64525511386
Propios,CSF,INGRESOS CORRIENTES,16,"COMERCIO, INDUSTRIA Y TURISMO",35-02-00,SUPERINTENDENCIA DE SOCIEDADES,1.95121E+11,1.28674E+11,1.12996E+11,1.12866E+11
Propios,CSF,INGRESOS CORRIENTES,16,"COMERCIO, INDUSTRIA Y TURISMO",35-03-00,SUPERINTENDENCIA DE INDUSTRIA Y COMERCIO,1.82999E+11,1.0982E+11,88694727764,88690485983
Propios,CSF,INGRESOS CORRIENTES,16,"COMERCIO, INDUSTRIA Y TURISMO",35-04-00,UNIDAD ADMINISTRATIVA ESPECIAL JUNTA CENTRAL CONTADORES,8023108000,5698863066,3956106869,3936399508
Propios,CSF,INGRESOS CORRIENTES,16,"COMERCIO, INDUSTRIA Y TURISMO",35-05-00,INSTITUTO NACIONAL DE METROLOGIA - INM,1597379817,510017028,117947642,117947642
Propios,CSF,INGRESOS CORRIENTES,17,ORGANISMOS DE CONTROL,26-02-00,FONDO DE BIENESTAR SOCIAL DE LA CONTRALORÍA GENERAL DE LA REPÚBLICA,1549000000,919879232,919879232,919879232
Propios,CSF,INGRESOS CORRIENTES,18,EMPLEO PUBLICO,5/3/2000,ESCUELA SUPERIOR DE ADMINISTRACIÓN PÚBLICA (ESAP),18318000000,17706525478,10807195930,10799067043
Propios,CSF,INGRESOS CORRIENTES,18,EMPLEO PUBLICO,38-01-00,COMISIÓN NACIONAL DEL SERVICIO CIVIL,98575735277,63912578972,32504397614,32372374518
Propios,CSF,INGRESOS CORRIENTES,2,EDUCACION,22-34-00,ESCUELA TECNOLOGICA INSTITUTO TECNICO CENTRAL,15567182084,7705209110,5981951978,5951554249
Propios,CSF,INGRESOS CORRIENTES,2,EDUCACION,22-38-00,INSTITUTO NACIONAL DE FORMACION TECNICA PROFESIONAL DE SAN ANDRES Y PROVIDENCIA,1307045262,892146254,553948569,545019319
Propios,CSF,INGRESOS CORRIENTES,2,EDUCACION,22-39-00,INSTITUTO NACIONAL DE FORMACION TECNICA PROFESIONAL DE SAN JUAN DEL CESAR,3154719772,1678924474,1575592005,1575592005
Propios,CSF,INGRESOS CORRIENTES,2,EDUCACION,22-41-00,INSTITUTO TOLIMENSE DE FORMACION TECNICA PROFESIONAL,15774295060,11162289868,6965778671,6901194363
Propios,CSF,INGRESOS CORRIENTES,2,EDUCACION,22-42-00,INSTITUTO TECNICO NACIONAL DE COMERCIO SIMON RODRIGUEZ DE CALI,4849017000,3517911727,3137738555,3132455203
Propios,CSF,INGRESOS CORRIENTES,22,REGISTRADURIA,28-02-00,FONDO ROTATORIO DE LA REGISTRADURIA,1.54584E+11,59181898714,34837554793,34837554793
Propios,CSF,INGRESOS CORRIENTES,26,FISCALIA,29-02-00,INSTITUTO NACIONAL DE MEDICINA LEGAL Y CIENCIAS FORENSES,4786000000,459228762,459228762,459228762
Propios,CSF,INGRESOS CORRIENTES,27,JUSTICIA Y DEL DERECHO,12/4/2000,SUPERINTENDENCIA DE NOTARIADO Y REGISTRO,7.0212E+11,3.87348E+11,2.86315E+11,2.82455E+11
Propios,CSF,INGRESOS CORRIENTES,27,JUSTICIA Y DEL DERECHO,12/8/2000,INSTITUTO NACIONAL PENITENCIARIO Y CARCELARIO - INPEC,69020000,68946500,68946500,68946500
Propios,CSF,INGRESOS CORRIENTES,29,TRABAJO,36-02-00,SERVICIO NACIONAL DE APRENDIZAJE (SENA),2.80804E+11,2.39521E+11,1.71239E+11,1.7112E+11
Propios,CSF,INGRESOS CORRIENTES,3,AMBIENTE Y DESARROLLO SOSTENIBLE,32-02-00,"INSTITUTO DE HIDROLOGIA, METEOROLOGIA Y ESTUDIOS AMBIENTALES - IDEAM",5882000000,4122506327,2613002933,2613002933
Propios,CSF,INGRESOS CORRIENTES,3,AMBIENTE Y DESARROLLO SOSTENIBLE,32-04-01,FONDO NACIONAL AMBIENTAL - GESTION GENERAL,2.06423E+11,1.5867E+11,1.29659E+11,1.29659E+11
Propios,CSF,INGRESOS CORRIENTES,36,IGUALDAD Y EQUIDAD,46-02-00,INSTITUTO COLOMBIANO DE BIENESTAR FAMILIAR (ICBF),8170015660,5799970493,162251822,162251822
Propios,CSF,INGRESOS CORRIENTES,36,IGUALDAD Y EQUIDAD,46-03-00,INSTITUTO NACIONAL PARA SORDOS (INSOR),230000000,0,0,0
Propios,CSF,INGRESOS CORRIENTES,36,IGUALDAD Y EQUIDAD,46-04-00,INSTITUTO NACIONAL PARA CIEGOS (INCI),500000000,116333296,81407191,81407191
Propios,CSF,INGRESOS CORRIENTES,4,CULTURA,33-04-00,ARCHIVO GENERAL DE LA NACION,5000000001,3840952357,1400693807,1377693807
Propios,CSF,INGRESOS CORRIENTES,4,CULTURA,33-05-00,INSTITUTO COLOMBIANO DE ANTROPOLOGIA E HISTORIA,8963509929,3212572354,1925328790,1692235060
Propios,CSF,INGRESOS CORRIENTES,4,CULTURA,33-07-00,INSTITUTO CARO Y CUERVO,2397685744,875486081,431582288,430236913
Propios,CSF,INGRESOS CORRIENTES,5,SALUD Y PROTECCION SOCIAL,19-03-00,INSTITUTO NACIONAL DE SALUD (INS),6738829000,2899781011,1843536733,1834701137
Propios,CSF,INGRESOS CORRIENTES,5,SALUD Y PROTECCION SOCIAL,19-10-00,SUPERINTENDENCIA NACIONAL DE SALUD,2.3355E+11,1.47381E+11,1.35969E+11,1.35407E+11
Propios,CSF,INGRESOS CORRIENTES,5,SALUD Y PROTECCION SOCIAL,19-12-00,INSTITUTO NACIONAL DE VIGILANCIA DE MEDICAMENTOS Y ALIMENTOS - INVIMA,2.16665E+11,1.51272E+11,1.286E+11,1.28401E+11
Propios,CSF,INGRESOS CORRIENTES,5,SALUD Y PROTECCION SOCIAL,19-13-01,FONDO DE PREVISIÓN SOCIAL DEL CONGRESO - PENSIONES,13567292000,788972662,623981977,617167067
Propios,CSF,INGRESOS CORRIENTES,5,SALUD Y PROTECCION SOCIAL,19-14-01,FONDO PASIVO SOCIAL DE FERROCARRILES NACIONALES DE COLOMBIA - SALUD,1.43487E+11,1.37069E+11,86113917595,86083400399
Propios,CSF,INGRESOS CORRIENTES,5,SALUD Y PROTECCION SOCIAL,19-14-02,FONDO PASIVO SOCIAL DE FERROCARRILES NACIONALES DE COLOMBIA - PENSIONES,27600000000,18788954672,16917621664,16917621664
Propios,CSF,INGRESOS CORRIENTES,6,AGRICULTURA Y DESARROLLO RURAL,17-02-00,INSTITUTO COLOMBIANO AGROPECUARIO (ICA),82494823412,53299624604,31104212296,30960566820
Propios,CSF,INGRESOS CORRIENTES,6,AGRICULTURA Y DESARROLLO RURAL,17-15-00,AUTORIDAD NACIONAL DE ACUICULTURA Y PESCA - AUNAP,4900931508,4885440756,2106977903,2106977903
Propios,CSF,INGRESOS CORRIENTES,6,AGRICULTURA Y DESARROLLO RURAL,17-17-00,AGENCIA NACIONAL DE TIERRAS - ANT,3200000000,0,0,0
Propios,CSF,INGRESOS CORRIENTES,6,AGRICULTURA Y DESARROLLO RURAL,17-18-00,AGENCIA DE DESARROLLO RURAL - ADR,1020400658,0,0,0
Propios,CSF,INGRESOS CORRIENTES,7,MINAS Y ENERGIA,21-03-00,SERVICIO GEOLOGICO COLOMBIANO,17239769096,9265484353,6063875863,6022577753
Propios,CSF,INGRESOS CORRIENTES,7,MINAS Y ENERGIA,21-09-00,UNIDAD DE PLANEACION MINERO ENERGETICA - UPME,59631500000,41245596714,29177883752,29177883752
Propios,CSF,INGRESOS CORRIENTES,7,MINAS Y ENERGIA,21-11-00,AGENCIA NACIONAL DE HIDROCARBUROS - ANH,1.22036E+11,80151710428,63279432177,62328503220
Propios,CSF,INGRESOS CORRIENTES,7,MINAS Y ENERGIA,21-12-00,AGENCIA NACIONAL DE MINERIA - ANM,29836800000,17411944739,17411944739,17411944739
Propios,CSF,INGRESOS CORRIENTES,8,TECNOLOGÍAS DE LA INFORMACIÓN Y LAS COMUNICACIONES,23-06-00,FONDO UNICO DE TECNOLOGIAS DE LA INFORMACION Y LAS COMUNICACIONES,2.44663E+12,2.18597E+12,1.16356E+12,1.14971E+12
Propios,CSF,INGRESOS CORRIENTES,8,TECNOLOGÍAS DE LA INFORMACIÓN Y LAS COMUNICACIONES,23-08-00,UNIDAD ADMINISTRATIVA ESPECIAL COMISION DE REGULACION DE COMUNICACIONES,52193340000,37848689326,31071675318,31067257411
Propios,CSF,INGRESOS CORRIENTES,8,TECNOLOGÍAS DE LA INFORMACIÓN Y LAS COMUNICACIONES,23-09-00,AGENCIA NACIONAL DEL ESPECTRO - ANE,48383464212,41885984345,22021738230,21860158575
Propios,CSF,INGRESOS CORRIENTES,8,TECNOLOGÍAS DE LA INFORMACIÓN Y LAS COMUNICACIONES,23-11-00,COMPUTADORES PARA EDUCAR (CPE),3.12913E+11,1.5972E+11,15342152235,14319089831
Propios,CSF,INGRESOS CORRIENTES,8,TECNOLOGÍAS DE LA INFORMACIÓN Y LAS COMUNICACIONES,23-12-00,CORPORACIÓN AGENCIA NACIONAL DE GOBIERNO DIGITAL - AND,95866093137,67817804857,29046157321,17595728946
Propios,CSF,INGRESOS CORRIENTES,9,TRANSPORTE,24-02-00,INSTITUTO NACIONAL DE VIAS,1.00142E+12,7.58803E+11,2.00556E+11,1.84286E+11
Propios,CSF,INGRESOS CORRIENTES,9,TRANSPORTE,24-12-00,UNIDAD ADMINISTRATIVA ESPECIAL DE LA AERONAUTICA CIVIL,2.08516E+12,1.39261E+12,6.84873E+11,6.74437E+11
Propios,CSF,INGRESOS CORRIENTES,9,TRANSPORTE,24-13-00,AGENCIA NACIONAL DE INFRAESTRUCTURA,2.72881E+11,2.18904E+11,1.50667E+11,1.48583E+11
Propios,CSF,INGRESOS CORRIENTES,9,TRANSPORTE,24-17-00,SUPERINTENDENCIA DE PUERTOS Y TRANSPORTE,79016779478,58127420138,42249557636,41848385652
Propios,CSF,OTROS RECURSOS DE TESORERIA,10,PLANEACION,3/24/2000,SUPERINTENDENCIA DE SERVICIOS PÚBLICOS DOMICILIARIOS,49322662781,49322662781,49322662781,49322662781
Propios,CSF,OTROS RECURSOS DE TESORERIA,11,INFORMACION ESTADISTICA,4/2/2000,FONDO ROTATORIO DEL DANE,661000000,507517892,481695128,481695128
Propios,CSF,OTROS RECURSOS DE TESORERIA,12,RELACIONES EXTERIORES,11/2/2000,FONDO ROTATORIO DEL MINISTERIO DE RELACIONES EXTERIORES,63474861645,36235857980,22335383697,22335383697
Propios,CSF,OTROS RECURSOS DE TESORERIA,12,RELACIONES EXTERIORES,11/4/2000,UNIDAD ADMINISTRATIVA ESPECIAL MIGRACIÓN COLOMBIA,1940510130,552428400,124297405,115115744
Propios,CSF,OTROS RECURSOS DE TESORERIA,13,HACIENDA,13-09-00,SUPERINTENDENCIA DE LA ECONOMÍA SOLIDARIA,17283705038,12161964712,9584347863,9584347863
Propios,CSF,OTROS RECURSOS DE TESORERIA,13,HACIENDA,13-10-00,UNIDAD ADMINISTRATIVA ESPECIAL DIRECCIÓN DE IMPUESTOS Y ADUANAS NACIONALES,4067000000,876970782,0,0
Propios,CSF,OTROS RECURSOS DE TESORERIA,14,DEFENSA Y POLICIA,15-03-00,CAJA DE RETIRO DE LAS FUERZAS MILITARES,50602000000,35845458724,25858313732,25858313732
Propios,CSF,OTROS RECURSOS DE TESORERIA,14,DEFENSA Y POLICIA,15-07-00,INSTITUTO CASAS FISCALES DEL EJÉRCITO,11532590123,8168956647,2503628845,2503619557
Propios,CSF,OTROS RECURSOS DE TESORERIA,14,DEFENSA Y POLICIA,15-10-00,CLUB MILITAR DE OFICIALES,10840000000,9021791782,4533967411,4081407282
Propios,CSF,OTROS RECURSOS DE TESORERIA,14,DEFENSA Y POLICIA,15-11-00,CAJA DE SUELDOS DE RETIRO DE LA POLICÍA NACIONAL,12137000000,6146885584,2698710283,2698710283
Propios,CSF,OTROS RECURSOS DE TESORERIA,14,DEFENSA Y POLICIA,15-12-01,FONPOLICÍA - GESTIÓN GENERAL,1.12688E+11,87837543545,68998759651,68992159214
Propios,CSF,OTROS RECURSOS DE TESORERIA,14,DEFENSA Y POLICIA,15-19-00,HOSPITAL MILITAR,8079000000,7703715682,3878715994,2281867567
Propios,CSF,OTROS RECURSOS DE TESORERIA,14,DEFENSA Y POLICIA,15-20-00,AGENCIA LOGÍSTICA DE LAS FUERZAS MILITARES,20880000000,10925160000,8230960000,8230960000
Propios,CSF,OTROS RECURSOS DE TESORERIA,16,"COMERCIO, INDUSTRIA Y TURISMO",35-02-00,SUPERINTENDENCIA DE SOCIEDADES,3388600000,3370734856,1468023911,1468023911
Propios,CSF,OTROS RECURSOS DE TESORERIA,16,"COMERCIO, INDUSTRIA Y TURISMO",35-03-00,SUPERINTENDENCIA DE INDUSTRIA Y COMERCIO,1.10124E+11,89423469361,50681092181,50681092181
Propios,CSF,OTROS RECURSOS DE TESORERIA,16,"COMERCIO, INDUSTRIA Y TURISMO",35-04-00,UNIDAD ADMINISTRATIVA ESPECIAL JUNTA CENTRAL CONTADORES,10748535000,6084676948,2911162997,2911162997
Propios,CSF,OTROS RECURSOS DE TESORERIA,16,"COMERCIO, INDUSTRIA Y TURISMO",35-05-00,INSTITUTO NACIONAL DE METROLOGIA - INM,966695000,573970003,140984533,140984533
Propios,CSF,OTROS RECURSOS DE TESORERIA,17,ORGANISMOS DE CONTROL,26-02-00,FONDO DE BIENESTAR SOCIAL DE LA CONTRALORÍA GENERAL DE LA REPÚBLICA,16201000000,11854169503,11826866765,11826866765
Propios,CSF,OTROS RECURSOS DE TESORERIA,18,EMPLEO PUBLICO,5/3/2000,ESCUELA SUPERIOR DE ADMINISTRACIÓN PÚBLICA (ESAP),1.20209E+11,1.05034E+11,55394100099,55332240169
Propios,CSF,OTROS RECURSOS DE TESORERIA,18,EMPLEO PUBLICO,38-01-00,COMISIÓN NACIONAL DEL SERVICIO CIVIL,34386799230,19901623928,5599766977,5599766977
Propios,CSF,OTROS RECURSOS DE TESORERIA,2,EDUCACION,22-34-00,ESCUELA TECNOLOGICA INSTITUTO TECNICO CENTRAL,3701492414,2897672977,1964239655,1956526454
Propios,CSF,OTROS RECURSOS DE TESORERIA,2,EDUCACION,22-38-00,INSTITUTO NACIONAL DE FORMACION TECNICA PROFESIONAL DE SAN ANDRES Y PROVIDENCIA,234513282,154383176,106813540,106813540
Propios,CSF,OTROS RECURSOS DE TESORERIA,2,EDUCACION,22-39-00,INSTITUTO NACIONAL DE FORMACION TECNICA PROFESIONAL DE SAN JUAN DEL CESAR,2211900000,2021038612,1386049099,1386049099
Propios,CSF,OTROS RECURSOS DE TESORERIA,2,EDUCACION,22-41-00,INSTITUTO TOLIMENSE DE FORMACION TECNICA PROFESIONAL,1118690116,815178609,666698205,666698205
Propios,CSF,OTROS RECURSOS DE TESORERIA,2,EDUCACION,22-42-00,INSTITUTO TECNICO NACIONAL DE COMERCIO SIMON RODRIGUEZ DE CALI,1467604777,1435898568,685648498,685648498
Propios,CSF,OTROS RECURSOS DE TESORERIA,20,PRESIDENCIA DE LA REPUBLICA,2/13/2000,AGENCIA NACIONAL INMOBILIARIA VIRGILIO BARCO VARGAS,2212713347,2153544697,2151238032,2151238032
Propios,CSF,OTROS RECURSOS DE TESORERIA,22,REGISTRADURIA,28-02-00,FONDO ROTATORIO DE LA REGISTRADURIA,49686703807,49686703807,29221706685,24382882610
Propios,CSF,OTROS RECURSOS DE TESORERIA,22,REGISTRADURIA,28-03-00,FONDO SOCIAL DE VIVIENDA DE LA REGISTRADURÍA NACIONAL DEL ESTADO CIVIL,15349613200,6652704400,5311004400,5311004400
Propios,CSF,OTROS RECURSOS DE TESORERIA,26,FISCALIA,29-02-00,INSTITUTO NACIONAL DE MEDICINA LEGAL Y CIENCIAS FORENSES,3299760000,3209717980,1466263447,1466263447
Propios,CSF,OTROS RECURSOS DE TESORERIA,27,JUSTICIA Y DEL DERECHO,12/4/2000,SUPERINTENDENCIA DE NOTARIADO Y REGISTRO,39365000000,5160779476,5156612475,5156612475
Propios,CSF,OTROS RECURSOS DE TESORERIA,29,TRABAJO,36-02-00,SERVICIO NACIONAL DE APRENDIZAJE (SENA),1.05846E+11,59833906811,58967911814,58965782346
Propios,CSF,OTROS RECURSOS DE TESORERIA,3,AMBIENTE Y DESARROLLO SOSTENIBLE,32-02-00,"INSTITUTO DE HIDROLOGIA, METEOROLOGIA Y ESTUDIOS AMBIENTALES - IDEAM",1053910847,969071824,605107563,605107563
Propios,CSF,OTROS RECURSOS DE TESORERIA,3,AMBIENTE Y DESARROLLO SOSTENIBLE,32-04-01,FONDO NACIONAL AMBIENTAL - GESTION GENERAL,66928130000,58207924144,28240776751,28228062833
Propios,CSF,OTROS RECURSOS DE TESORERIA,36,IGUALDAD Y EQUIDAD,46-02-00,INSTITUTO COLOMBIANO DE BIENESTAR FAMILIAR (ICBF),6.17844E+11,4.60444E+11,3.20223E+11,3.20223E+11
Propios,CSF,OTROS RECURSOS DE TESORERIA,36,IGUALDAD Y EQUIDAD,46-03-00,INSTITUTO NACIONAL PARA SORDOS (INSOR),130136174,128053944,81621499,81621499
Propios,CSF,OTROS RECURSOS DE TESORERIA,36,IGUALDAD Y EQUIDAD,46-04-00,INSTITUTO NACIONAL PARA CIEGOS (INCI),1435320616,974839478,509693199,509693199
Propios,CSF,OTROS RECURSOS DE TESORERIA,4,CULTURA,33-04-00,ARCHIVO GENERAL DE LA NACION,1336813883,1184261991,751522811,745426811
Propios,CSF,OTROS RECURSOS DE TESORERIA,4,CULTURA,33-05-00,INSTITUTO COLOMBIANO DE ANTROPOLOGIA E HISTORIA,695928084,651040976,324927108,324927108
Propios,CSF,OTROS RECURSOS DE TESORERIA,4,CULTURA,33-07-00,INSTITUTO CARO Y CUERVO,286165291,53359642,10635764,10635764
Propios,CSF,OTROS RECURSOS DE TESORERIA,5,SALUD Y PROTECCION SOCIAL,19-03-00,INSTITUTO NACIONAL DE SALUD (INS),5000000000,1372410738,626487097,625605611
Propios,CSF,OTROS RECURSOS DE TESORERIA,5,SALUD Y PROTECCION SOCIAL,19-10-00,SUPERINTENDENCIA NACIONAL DE SALUD,75346160000,47559323391,29842071232,28056327975
Propios,CSF,OTROS RECURSOS DE TESORERIA,5,SALUD Y PROTECCION SOCIAL,19-12-00,INSTITUTO NACIONAL DE VIGILANCIA DE MEDICAMENTOS Y ALIMENTOS - INVIMA,41000000000,26373889152,14610858377,14566346013
Propios,CSF,OTROS RECURSOS DE TESORERIA,5,SALUD Y PROTECCION SOCIAL,19-13-01,FONDO DE PREVISIÓN SOCIAL DEL CONGRESO - PENSIONES,51219000000,39730373561,39489992450,39489992450
Propios,CSF,OTROS RECURSOS DE TESORERIA,5,SALUD Y PROTECCION SOCIAL,19-14-01,FONDO PASIVO SOCIAL DE FERROCARRILES NACIONALES DE COLOMBIA - SALUD,16884284000,8420255372,8420255372,8420255372
Propios,CSF,OTROS RECURSOS DE TESORERIA,5,SALUD Y PROTECCION SOCIAL,19-14-02,FONDO PASIVO SOCIAL DE FERROCARRILES NACIONALES DE COLOMBIA - PENSIONES,4830674000,1697951000,1697951000,1697951000
Propios,CSF,OTROS RECURSOS DE TESORERIA,6,AGRICULTURA Y DESARROLLO RURAL,17-02-00,INSTITUTO COLOMBIANO AGROPECUARIO (ICA),20808165224,14609714143,7895195800,7849239133
Propios,CSF,OTROS RECURSOS DE TESORERIA,6,AGRICULTURA Y DESARROLLO RURAL,17-15-00,AUTORIDAD NACIONAL DE ACUICULTURA Y PESCA - AUNAP,2909127813,2909127813,0,0
Propios,CSF,OTROS RECURSOS DE TESORERIA,6,AGRICULTURA Y DESARROLLO RURAL,17-17-00,AGENCIA NACIONAL DE TIERRAS - ANT,2219237398,0,0,0
Propios,CSF,OTROS RECURSOS DE TESORERIA,6,AGRICULTURA Y DESARROLLO RURAL,17-18-00,AGENCIA DE DESARROLLO RURAL - ADR,7393024210,5175116947,405456537,405456537
Propios,CSF,OTROS RECURSOS DE TESORERIA,7,MINAS Y ENERGIA,21-03-00,SERVICIO GEOLOGICO COLOMBIANO,8023303938,7736557829,4552809079,4543892599
Propios,CSF,OTROS RECURSOS DE TESORERIA,7,MINAS Y ENERGIA,21-09-00,UNIDAD DE PLANEACION MINERO ENERGETICA - UPME,586358898,190064540,80101153,80101153
Propios,CSF,OTROS RECURSOS DE TESORERIA,7,MINAS Y ENERGIA,21-10-00,INSTITUTO DE PLANIFICACION Y PROMOCION DE SOLUCIONES  ENERGETICAS PARA LAS ZONAS NO INTERCONECTADAS - IPSE,3814100000,333584630,215572853,215572853
Propios,CSF,OTROS RECURSOS DE TESORERIA,7,MINAS Y ENERGIA,21-11-00,AGENCIA NACIONAL DE HIDROCARBUROS - ANH,4.32287E+12,4.15173E+12,3.95121E+12,3.9512E+12
Propios,CSF,OTROS RECURSOS DE TESORERIA,7,MINAS Y ENERGIA,21-12-00,AGENCIA NACIONAL DE MINERIA - ANM,1.79882E+11,1.38803E+11,98051988426,94559092945
Propios,CSF,OTROS RECURSOS DE TESORERIA,8,TECNOLOGÍAS DE LA INFORMACIÓN Y LAS COMUNICACIONES,23-06-00,FONDO UNICO DE TECNOLOGIAS DE LA INFORMACION Y LAS COMUNICACIONES,1.70692E+11,1.69864E+11,23284794324,23284794324
Propios,CSF,OTROS RECURSOS DE TESORERIA,9,TRANSPORTE,24-02-00,INSTITUTO NACIONAL DE VIAS,5649587581,2481669251,200000,0
Propios,CSF,OTROS RECURSOS DE TESORERIA,9,TRANSPORTE,24-12-00,UNIDAD ADMINISTRATIVA ESPECIAL DE LA AERONAUTICA CIVIL,4.88713E+11,3.19358E+11,46462396448,43906442299
Propios,CSF,RENTAS PARAFISCALES,18,EMPLEO PUBLICO,5/3/2000,ESCUELA SUPERIOR DE ADMINISTRACIÓN PÚBLICA (ESAP),2.52785E+11,2.02345E+11,1.42382E+11,1.42167E+11
Propios,CSF,RENTAS PARAFISCALES,29,TRABAJO,36-02-00,SERVICIO NACIONAL DE APRENDIZAJE (SENA),1.44888E+12,9.11813E+11,8.22006E+11,8.217E+11
Propios,CSF,RENTAS PARAFISCALES,36,IGUALDAD Y EQUIDAD,46-02-00,INSTITUTO COLOMBIANO DE BIENESTAR FAMILIAR (ICBF),3.88539E+12,2.76449E+12,1.91705E+12,1.91703E+12
Propios,SSF,INGRESOS CORRIENTES,9,TRANSPORTE,24-02-00,INSTITUTO NACIONAL DE VIAS,50024601512,46328342592,3498680095,3498680095
Propios,SSF,INGRESOS CORRIENTES,9,TRANSPORTE,24-16-00,AGENCIA NACIONAL DE SEGURIDAD VIAL,1.95043E+11,1.58251E+11,1.56155E+11,1.56152E+11
